Image,FOS_Mean,FOS_Variance,FOS_Median,FOS_Mode,FOS_Skewness,FOS_Kurtosis,FOS_Energy,FOS_Entropy,FOS_MinimalGrayLevel,FOS_MaximalGrayLevel,FOS_CoefficientOfVariation,FOS_10Percentile,FOS_25Percentile,FOS_75Percentile,FOS_90Percentile,FOS_HistogramWidth,Label
10_1.jpg,127.3994183006536,1638.9219556747432,132.0,144.0,-0.5484077649241248,2.8240511005677096,0.007351213229954294,5.0861410586184785,0.0,252.0,0.09018192897837678,66.0,103.0,156.0,175.0,109.0,dry
10_10.jpg,131.65814705882354,1636.4572091952218,137.0,146.0,-0.6162695715535742,2.9755523936335693,0.007521758789354523,5.078176815975715,0.0,239.0,0.08890220751390404,70.0,108.0,160.0,178.0,108.0,dry
10_11.jpg,129.6590065359477,1623.204898526319,136.0,145.0,-0.6651249700511072,2.9202289640828067,0.007683989854329531,5.058397987723936,0.0,249.0,0.08994287478561978,66.0,107.0,158.0,175.0,109.0,dry
10_12.jpg,133.58612418300652,1763.4324097136139,140.0,146.0,-0.6510052435338209,2.8755790323549313,0.007490214490153363,5.0884846012891085,0.0,250.0,0.08857326790909621,65.0,111.0,162.0,181.0,116.0,dry
10_13.jpg,129.717885620915,1484.4462115423191,135.0,146.0,-0.6898069020531022,3.188476371580495,0.00810189249861164,5.022217856644437,0.0,246.0,0.08957091755702248,72.0,108.0,156.0,173.0,101.0,dry
10_14.jpg,130.16496078431373,1582.1631291787849,136.0,147.0,-0.6752785691721187,3.1294065167318212,0.007783543765218505,5.053560936945953,0.0,255.0,0.08959326472670812,71.0,108.0,157.0,176.0,105.0,dry
10_15.jpg,130.03675816993467,1644.8331395899338,136.0,147.0,-0.6862166305759381,2.970969123200297,0.007661451706608573,5.0623965719743715,0.0,244.0,0.08968159429544213,67.0,107.0,158.0,176.0,109.0,dry
10_16.jpg,126.3406568627451,1695.2334786920997,132.0,138.0,-0.5617112381727795,2.732773581185902,0.007308059314793453,5.0895147328445,0.0,234.0,0.09093767262550881,62.0,102.0,155.0,174.0,112.0,dry
10_17.jpg,130.93434640522875,1600.4676624233941,135.0,140.0,-0.5322670229034479,2.946932871314455,0.007535812294416679,5.07705916784787,0.0,248.0,0.08873874852258214,70.0,108.0,158.0,178.0,108.0,dry
10_18.jpg,131.7008431372549,1619.25757216388,137.0,145.0,-0.6781097310802792,3.028781886503313,0.0076679453415353085,5.060852387504065,0.0,249.0,0.08887338631933675,70.0,110.0,160.0,177.0,107.0,dry
10_19.jpg,131.22658823529412,1480.2472295097004,137.0,146.0,-0.6994752756122928,3.093072979807157,0.008074592079969238,5.017580080324779,0.0,243.0,0.08919457610017771,73.0,109.0,158.0,174.0,101.0,dry
10_2.jpg,131.51083660130718,1655.4476216932055,138.0,146.0,-0.6681017739690666,2.9346562153217515,0.007556694177453124,5.070473065124663,0.0,241.0,0.08932602383242663,68.0,108.0,160.0,178.0,110.0,dry
10_20.jpg,132.4601111111111,1455.278733199033,137.0,145.0,-0.6982149052887301,3.2692370023145934,0.008070324447861934,5.018553634902304,0.0,249.0,0.08836395962933632,77.0,112.0,158.0,176.0,99.0,dry
10_21.jpg,129.5533888888889,1505.8433610223435,134.0,140.0,-0.6503132230942009,3.0931676581697287,0.007874373125720873,5.034938071991022,0.0,255.0,0.08935186491121595,72.0,108.0,156.0,174.0,102.0,dry
10_22.jpg,131.09662418300655,1381.090993331364,136.0,144.0,-0.7415284838262741,3.415705471265452,0.008427243261138875,4.987220774639438,0.0,241.0,0.08895655294228606,78.0,112.0,156.0,173.0,95.0,dry
10_23.jpg,131.315477124183,1466.8873350953006,136.0,146.0,-0.6103492914985912,3.2069381365625924,0.007905704814387625,5.03741496552853,0.0,246.0,0.08880829621219836,78.0,109.0,157.0,176.0,98.0,dry
10_24.jpg,125.3603137254902,1647.419310976164,131.0,146.0,-0.5478375859294063,2.7600038314789797,0.007382008735956261,5.082871990457905,0.0,254.0,0.0913010090842834,63.0,100.0,154.0,172.0,109.0,dry
10_25.jpg,132.5657516339869,1401.7084813224342,137.0,139.0,-0.6659448523321292,3.2396694602220717,0.008108734375667481,5.006620469209407,0.0,242.0,0.08829354313952988,79.0,112.0,158.0,176.0,97.0,dry
10_26.jpg,128.00920588235294,1681.4663634502822,133.0,145.0,-0.5210747349021846,2.6573353569421707,0.007135068371139308,5.095920434549829,0.0,250.0,0.0900916657921448,66.0,102.0,158.0,176.0,110.0,dry
10_27.jpg,133.58931372549023,1540.1694076662066,139.0,147.0,-0.6472682667559472,3.093614964058136,0.0077942746379597565,5.0503526257436,0.0,242.0,0.08825426071712782,76.0,111.0,161.0,178.0,102.0,dry
10_28.jpg,132.14448039215688,1582.648358872935,136.0,146.0,-0.513182055542224,3.0105965692111547,0.007472902387970447,5.082149710194515,0.0,255.0,0.0882511608133938,75.0,108.0,160.0,178.0,103.0,dry
10_29.jpg,132.12611437908498,1513.8682295460608,138.0,147.0,-0.710804557912514,3.1791009747588097,0.007935051091460548,5.033456057475133,0.0,250.0,0.08891005521259986,74.0,110.0,159.0,176.0,102.0,dry
10_3.jpg,134.28029411764706,1606.6860654886132,140.0,146.0,-0.6317987553832491,3.0808899570060024,0.007681162223930972,5.068376096490389,0.0,255.0,0.0881153831539326,73.0,112.0,161.0,180.0,107.0,dry
10_30.jpg,129.3052614379085,1604.6281904958046,134.0,139.0,-0.5887399996395181,2.9663943482310584,0.007490724849416897,5.074052263683368,0.0,243.0,0.08952332468194933,70.0,106.0,157.0,176.0,106.0,dry
10_31.jpg,133.75420261437907,1463.1177145615948,140.0,146.0,-0.7576661690337766,3.3488635388787413,0.008285089046947754,5.008796076281022,0.0,251.0,0.08846196481999162,77.0,113.0,160.0,175.0,98.0,dry
10_32.jpg,131.7916111111111,1581.9577424079644,137.0,147.0,-0.6359443002981385,3.0743035110467725,0.00771505100602333,5.061758086873301,0.0,249.0,0.088812177133578,72.0,109.0,159.0,178.0,106.0,dry
10_33.jpg,127.4393431372549,1757.5969266767197,133.0,148.0,-0.5697933093825426,2.738479876557005,0.007102176598744076,5.111132727981885,0.0,238.0,0.09049452320426653,64.0,102.0,158.0,176.0,112.0,dry
10_34.jpg,131.27573529411762,1501.3898570162498,136.0,146.0,-0.5776819066709863,3.007391921854009,0.007762251890298605,5.047305449443755,0.0,246.0,0.08883518163933807,74.0,108.0,158.0,176.0,102.0,dry
10_35.jpg,131.46842810457514,1414.5912094439987,137.0,146.0,-0.7164304879523256,3.3012707171002043,0.00828559020035029,5.002048272000883,0.0,239.0,0.08903050017004271,76.0,111.0,157.0,174.0,98.0,dry
10_36.jpg,133.50173202614377,1608.6950523751711,138.0,154.0,-0.6262457951431237,3.1651163299420197,0.007651275428254095,5.073932652107314,0.0,246.0,0.08799391548096348,74.0,111.0,161.0,179.0,105.0,dry
10_37.jpg,129.60392156862747,1479.7027878342417,135.0,146.0,-0.7074157910404358,3.3024506577364106,0.008082896919988038,5.025343175541912,0.0,238.0,0.08964967956212513,73.0,109.0,156.0,173.0,100.0,dry
10_38.jpg,132.05415686274512,1604.456094529893,136.0,146.0,-0.5269197044726873,3.016948499954453,0.007459970823187664,5.087795371483688,1.0,253.0,0.08831152359566984,74.0,108.0,159.0,179.0,105.0,dry
10_39.jpg,135.18968954248368,1616.759349871956,141.0,146.0,-0.6665802035525309,3.0479561469711904,0.00759030804391474,5.069363005288116,1.0,255.0,0.08783467235721683,75.0,112.0,164.0,181.0,106.0,dry
10_4.jpg,130.6264640522876,1469.4886334217933,135.0,145.0,-0.6408006310935218,3.1433582783189813,0.007986786129266524,5.027082538012536,0.0,237.0,0.08894790288414589,74.0,109.0,156.0,175.0,101.0,dry
10_40.jpg,133.49820261437907,1552.4646965129468,140.0,146.0,-0.7599127240439035,3.2076085453419103,0.008021216732880514,5.0322024997757016,0.0,248.0,0.08863160203270626,73.0,112.0,161.0,177.0,104.0,dry
10_5.jpg,130.96892156862745,1674.2400017788777,137.0,145.0,-0.631884702157627,2.9552303710201624,0.007469767268999106,5.085589538389804,0.0,247.0,0.08937005642660337,68.0,107.0,159.0,177.0,109.0,dry
10_6.jpg,131.68495751633986,1675.0760248455679,136.0,140.0,-0.5430967875892024,2.863655158914862,0.00731108125080098,5.0967983815446996,0.0,249.0,0.08855911874553749,69.0,108.0,160.0,180.0,111.0,dry
10_7.jpg,133.51433006535945,1714.329329287666,139.0,145.0,-0.5672465910355572,2.92983714901656,0.007299563949762916,5.1045814523487785,0.0,253.0,0.08830382564013994,70.0,110.0,161.0,182.0,112.0,dry
10_8.jpg,134.95476470588235,1550.9306211543894,140.0,152.0,-0.6642658907624428,3.1352028067384548,0.007836580182835656,5.049022699449605,2.0,242.0,0.08767500422816488,76.0,113.0,162.0,180.0,104.0,dry
10_9.jpg,132.1094869281046,1650.0366362847576,137.0,146.0,-0.5975049216332706,3.022173158443423,0.007541311440044432,5.084443786262498,0.0,250.0,0.08859848132700303,70.0,110.0,160.0,179.0,109.0,dry
15_1.jpg,125.04988235294118,1717.722092442961,131.0,146.0,-0.5735240298336092,2.7620304491596372,0.007292072151736511,5.095922702558394,0.0,242.0,0.0915276602176699,61.0,100.0,154.0,173.0,112.0,dry
15_10.jpg,128.39368627450978,1590.2545745492523,134.0,146.0,-0.7065831704803613,3.128115910937614,0.007748230573710966,5.053279606444291,0.0,238.0,0.09015892633568226,68.0,106.0,156.0,174.0,106.0,dry
15_11.jpg,126.99654901960784,1704.9775964419355,134.0,146.0,-0.7056426526405891,2.994744207484211,0.007510451877483024,5.080224900103369,0.0,233.0,0.0911507989166143,64.0,103.0,156.0,173.0,109.0,dry
15_12.jpg,134.30103267973857,1574.5110749290393,139.0,136.0,-0.6975779851873666,3.315678224266476,0.007726254090307146,5.061296882395286,0.0,238.0,0.08778656341881037,77.0,113.0,161.0,180.0,103.0,dry
15_13.jpg,131.05999019607845,1564.1976960660324,137.0,139.0,-0.650944946630397,3.1037439516816288,0.007781814857533429,5.055147471201801,0.0,255.0,0.0893079565564461,72.0,109.0,159.0,176.0,104.0,dry
15_14.jpg,129.11521241830064,1639.1033427437264,134.0,133.0,-0.7140899775552232,3.1078256555494335,0.0075353160963731935,5.0657574393346,0.0,244.0,0.08965509707165598,70.0,106.0,159.0,176.0,106.0,dry
15_15.jpg,127.6370751633987,1701.3408821235012,133.0,139.0,-0.6157798562452306,3.038294158916061,0.007391899846212996,5.098046988446207,0.0,241.0,0.09035433145038003,66.0,105.0,156.0,176.0,110.0,dry
15_16.jpg,127.8173954248366,1729.0822793855575,134.0,147.0,-0.6032534371797035,2.978189430592399,0.007301365735400912,5.109003467094543,0.0,246.0,0.09056542628109983,67.0,103.0,156.0,176.0,109.0,dry
15_17.jpg,127.943477124183,1555.3102169499725,135.0,148.0,-0.7524194955999778,3.1286161146310287,0.008050715643555896,5.0297734885218315,0.0,237.0,0.09081314889812477,67.0,106.0,155.0,171.0,104.0,dry
15_18.jpg,131.26376470588235,1610.5291442247462,136.0,145.0,-0.6860656148498382,3.242338854483845,0.007673545110854804,5.069233640724069,0.0,244.0,0.08884328295642731,72.0,109.0,158.0,178.0,106.0,dry
15_19.jpg,130.04880065359475,1709.0598853645943,136.0,146.0,-0.6003801049124643,2.9838194840588725,0.007292417980264002,5.106277073629229,0.0,250.0,0.08967328980413976,68.0,106.0,159.0,178.0,110.0,dry
15_2.jpg,131.39663398692812,1843.549500133073,137.0,145.0,-0.5239128228023325,2.8053397790710455,0.006943637276261268,5.147608857354572,0.0,252.0,0.08907914575562155,67.0,105.0,162.0,181.0,114.0,dry
15_20.jpg,128.7926568627451,1763.3155289349293,133.0,135.0,-0.538402561495568,2.9605749527225025,0.007090921611346064,5.129280134248678,0.0,246.0,0.08954363451761926,67.0,104.0,158.0,178.0,111.0,dry
15_21.jpg,127.78555882352941,1719.5630145001694,133.0,139.0,-0.5052170096348982,2.7873148239493966,0.007142911786065195,5.114207979375606,0.0,242.0,0.0902493419510506,66.0,102.0,157.0,177.0,111.0,dry
15_22.jpg,130.85358169934642,1581.700358453314,134.0,133.0,-0.5621003130920509,3.2989163807288002,0.0077231196548336115,5.0762621790268625,0.0,255.0,0.08846404318826562,75.0,109.0,157.0,178.0,103.0,dry
15_23.jpg,131.78933006535948,1704.0754483188064,136.0,153.0,-0.5097629495596563,2.862458091510307,0.007189250758255375,5.112587800733279,0.0,255.0,0.08848898301483897,70.0,107.0,160.0,181.0,111.0,dry
15_24.jpg,129.1753954248366,1552.7571918037556,134.0,147.0,-0.698503374789571,3.2934088818823617,0.00796487861506259,5.046611781673901,0.0,237.0,0.08961332663019303,71.0,108.0,155.0,174.0,103.0,dry
15_25.jpg,132.77815359477125,1691.9748452392976,138.0,155.0,-0.6564914190670612,3.0823301163507866,0.00734032476825153,5.096017750052659,0.0,247.0,0.08847344089693182,73.0,108.0,161.0,181.0,108.0,dry
15_26.jpg,130.3545163398693,1322.0592590675158,135.0,139.0,-0.8106362611863671,3.579902916287882,0.00873300066213849,4.956865371815706,0.0,230.0,0.08913346744602635,78.0,112.0,155.0,171.0,93.0,dry
15_27.jpg,136.44021895424837,1709.4356485074193,144.0,154.0,-0.7672265692766489,3.1678235018468572,0.007771816267247643,5.071125112145404,0.0,250.0,0.08795060644122744,71.0,115.0,164.0,182.0,111.0,dry
15_28.jpg,130.00867320261437,1752.8840297738732,136.0,146.0,-0.5974796707011767,3.01002786618219,0.007217481460122179,5.120313917462577,0.0,255.0,0.08970096765402641,68.0,105.0,159.0,178.0,110.0,dry
15_29.jpg,128.5946633986928,1630.9732706891427,135.0,139.0,-0.7789981530692774,3.2667281186039827,0.007843631359733441,5.052512910437809,0.0,246.0,0.09035328318873581,66.0,108.0,156.0,174.0,108.0,dry
15_3.jpg,129.9536503267974,1552.0497225571787,132.0,132.0,-0.44952952547437774,3.1190877540297084,0.007520735529070018,5.082076205786562,0.0,250.0,0.08840940800188446,76.0,107.0,156.0,178.0,102.0,dry
15_30.jpg,127.68202287581698,1556.5513080608912,134.0,145.0,-0.7431531605603002,3.2046074946132452,0.007919945320176001,5.037805439730849,0.0,242.0,0.09066144663175361,68.0,106.0,155.0,173.0,105.0,dry
15_31.jpg,130.93416666666667,1564.5480914651425,136.0,146.0,-0.6887872790292606,3.360814664650443,0.007879952582340132,5.055751517209723,0.0,254.0,0.08906692643013168,73.0,110.0,157.0,176.0,103.0,dry
15_32.jpg,134.61097712418302,1699.4698023615445,140.0,154.0,-0.6710622030375055,3.1672339144634862,0.007529451898842329,5.093865901920157,0.0,247.0,0.0878989204222452,74.0,112.0,162.0,181.0,107.0,dry
15_33.jpg,128.75304575163398,1339.891674214859,133.0,147.0,-0.6965654012342141,3.408060999974241,0.00833198137468495,4.985843077435227,0.0,231.0,0.08957118278131637,78.0,108.0,154.0,171.0,93.0,dry
15_34.jpg,130.96463071895425,1344.5736849591303,135.0,146.0,-0.77957995582186,3.620909470738362,0.008451352471271741,4.977184868818254,0.0,240.0,0.08871822853878869,82.0,111.0,156.0,172.0,90.0,dry
15_35.jpg,127.71465359477122,1648.1194443943791,134.0,141.0,-0.6829306107202225,3.128487882946552,0.007660916698705631,5.074444863904196,0.0,242.0,0.0906382828983702,67.0,105.0,155.0,174.0,107.0,dry
15_36.jpg,134.69116339869282,1520.2366898792866,140.0,147.0,-0.7573565325895051,3.5007371523708475,0.008175774573881842,5.031789791613995,0.0,253.0,0.08784659117670122,78.0,115.0,160.0,178.0,100.0,dry
15_37.jpg,130.4688954248366,1642.884121420607,136.0,147.0,-0.6147723084635427,3.0441074740172342,0.007482819556580801,5.08644411925528,0.0,245.0,0.0893845521702071,71.0,107.0,159.0,177.0,106.0,dry
15_38.jpg,129.82281045751634,1647.2874095461186,134.0,138.0,-0.5748250104413937,3.178320322535725,0.007517360032466147,5.089548132851079,0.0,236.0,0.08916643278631178,73.0,107.0,156.0,178.0,105.0,dry
15_39.jpg,127.70338562091504,1709.3389076187902,132.0,140.0,-0.5640861808554517,3.0893440081559365,0.007397139262676746,5.109093423237603,0.0,250.0,0.08996727249801581,66.0,105.0,155.0,176.0,110.0,dry
15_4.jpg,130.5709934640523,1161.3246501274984,135.0,146.0,-0.8391554618389397,3.7807592636889145,0.009305727369815033,4.8979715201662835,0.0,234.0,0.08898569069876214,83.0,113.0,153.0,168.0,85.0,dry
15_40.jpg,131.58545424836603,1502.236260067185,136.0,138.0,-0.6726320667995316,3.2561520566735065,0.007961572194455126,5.03799652495857,0.0,246.0,0.08862608603895451,74.0,111.0,158.0,176.0,102.0,dry
15_5.jpg,131.60168300653595,1791.9529075079583,136.0,137.0,-0.6290079776922668,3.1665573558380404,0.0072448747063095335,5.12435102782849,0.0,254.0,0.08861515691339159,68.0,108.0,161.0,180.0,112.0,dry
15_6.jpg,124.94906862745098,1382.7061991359478,129.0,127.0,-0.6237568415297086,3.169510175730154,0.008156393545217657,5.003861667821726,0.0,236.0,0.09089957065198376,71.0,104.0,150.0,168.0,97.0,dry
15_7.jpg,129.16575816993463,1593.8455755373902,135.0,146.0,-0.6300619871201506,2.9964629894170205,0.007653655260797136,5.062982915775913,0.0,255.0,0.08995379428142236,68.0,106.0,157.0,175.0,107.0,dry
15_8.jpg,128.0002908496732,1978.8432624942313,134.0,154.0,-0.5351045647977809,2.616313429037911,0.006686092165406474,5.164462716515859,0.0,255.0,0.09043602030861932,59.0,100.0,161.0,180.0,121.0,dry
15_9.jpg,128.9187320261438,1504.2828640153602,133.0,140.0,-0.6492385941524423,3.255593942362987,0.00794952103891666,5.041221330807279,0.0,246.0,0.08945606595271256,72.0,108.0,155.0,174.0,102.0,dry
20_1.jpg,121.87951633986927,1607.1023000402197,126.0,135.0,-0.4005697163280391,2.7288395420984655,0.007170621812123545,5.098224987609047,0.0,255.0,0.09209892275105712,64.0,95.0,151.0,170.0,106.0,dry
20_10.jpg,115.05591503267974,1674.9202143614343,118.0,134.0,-0.2761847289658412,2.5171208109855967,0.006890279465162974,5.120843880643716,0.0,233.0,0.09441305549666718,56.0,86.0,144.0,165.0,109.0,dry
20_11.jpg,120.86587908496732,1776.0785797905378,126.0,134.0,-0.4083314432796,2.5652625962739926,0.006823498739800938,5.135036832808225,0.0,249.0,0.09287130698342747,58.0,93.0,152.0,171.0,113.0,dry
20_12.jpg,117.6860522875817,1715.765045603941,122.0,133.0,-0.3438129563278719,2.5993379250013677,0.006888430774488444,5.130001583183746,0.0,242.0,0.09385446110637169,58.0,89.0,147.0,167.0,109.0,dry
20_13.jpg,116.23740522875816,1840.0224140814678,121.0,133.0,-0.29409736028225175,2.4343292279227953,0.006634155752061171,5.156576396914876,0.0,243.0,0.09463390875210713,53.0,85.0,148.0,168.0,115.0,dry
20_14.jpg,117.31307843137256,1608.1324591678815,121.0,128.0,-0.37419978453846353,2.65459626326377,0.007161926523986501,5.095887003841158,0.0,248.0,0.09376618657599146,58.0,91.0,146.0,165.0,107.0,dry
20_15.jpg,119.3137320261438,1659.564585222333,124.0,133.0,-0.39158524487975527,2.6511789827495047,0.007085796104062544,5.109054864175004,0.0,234.0,0.09332981658154861,60.0,92.0,148.0,168.0,108.0,dry
20_16.jpg,121.84529738562091,1594.0981285193675,127.0,134.0,-0.4396131394754856,2.664773315299384,0.007311279465162975,5.082432719352624,0.0,246.0,0.09248963982515226,63.0,95.0,150.0,169.0,106.0,dry
20_17.jpg,120.39947712418301,1496.392675903503,123.0,131.0,-0.36643421730425313,2.803240905089017,0.00740572484941689,5.070263595716255,0.0,234.0,0.09211449062166908,67.0,95.0,148.0,167.0,100.0,dry
20_18.jpg,119.31616339869281,1690.9651852080062,123.0,129.0,-0.328310537682035,2.604951299607976,0.006897957452261949,5.125656566476571,0.0,235.0,0.092950830721489,61.0,91.0,148.0,170.0,109.0,dry
20_19.jpg,119.47023529411766,1564.834906694565,124.0,135.0,-0.429730304768203,2.6865363804182807,0.0073411352898457875,5.076719851655476,0.0,243.0,0.09320755666251142,61.0,93.0,148.0,166.0,105.0,dry
20_2.jpg,117.43391176470588,1706.6581825374212,121.0,125.0,-0.33412869436357046,2.6082766775941337,0.0068754437609466435,5.129179889001029,0.0,239.0,0.09366970609000858,58.0,90.0,147.0,168.0,110.0,dry
20_20.jpg,116.93230718954248,1610.5918731004165,120.0,127.0,-0.28346140378975154,2.7743187337680597,0.007139738284420526,5.109882626033651,0.0,254.0,0.09368198929271622,60.0,90.0,145.0,165.0,105.0,dry
20_21.jpg,121.94082352941176,1513.9229207977373,127.0,137.0,-0.5101627259174168,2.776178079361128,0.007692992631039343,5.044964293756678,1.0,238.0,0.09241718518381575,63.0,98.0,149.0,167.0,104.0,dry
20_22.jpg,123.84260457516339,1625.55776867224,129.0,137.0,-0.4967884941303321,2.791026923681367,0.007360760391302492,5.086590369806606,0.0,242.0,0.09171170721548563,63.0,99.0,152.0,171.0,108.0,dry
20_23.jpg,120.98848366013073,1637.8751478119984,126.0,134.0,-0.4707396017205012,2.7855373911325967,0.00739805694391046,5.089046144740332,0.0,245.0,0.09277719515730061,60.0,96.0,149.0,168.0,108.0,dry
20_24.jpg,119.041,1781.6882197098048,124.0,135.0,-0.3585488905750313,2.5112589255066156,0.006753510273826313,5.141426128785151,0.0,250.0,0.09354364232205747,57.0,90.0,150.0,170.0,113.0,dry
20_25.jpg,123.23466013071895,1664.414201776778,128.0,141.0,-0.46068415468773194,2.7177934795470797,0.00712132916826862,5.106000182315041,0.0,242.0,0.09180622145574913,64.0,97.0,152.0,172.0,108.0,dry
20_26.jpg,120.91129084967321,1619.221396392272,125.0,139.0,-0.4487207116160013,2.7430581015796833,0.007235577149814176,5.094605017204799,0.0,238.0,0.0924672940709835,62.0,95.0,149.0,169.0,107.0,dry
20_27.jpg,124.578022875817,1575.5817442621474,128.0,136.0,-0.4020898921462496,2.827043969057593,0.007357438079371183,5.087603947808717,0.0,244.0,0.0908162470218571,67.0,100.0,152.0,172.0,105.0,dry
20_28.jpg,125.61319934640524,1635.2045225747968,129.0,135.0,-0.44803339708329715,2.868100869989727,0.007239918749199032,5.102742014601183,0.0,245.0,0.09041897468337655,67.0,101.0,153.0,174.0,107.0,dry
20_29.jpg,122.67133660130719,1573.2570888287305,128.0,135.0,-0.5561446229959977,2.937701444367513,0.0076352992225212565,5.065998579481411,0.0,243.0,0.09222780816153757,63.0,99.0,150.0,168.0,105.0,dry
20_3.jpg,115.64656535947714,1497.5729097566184,119.0,127.0,-0.3384576165180425,2.6532579997896315,0.0073296921910376385,5.067784393760718,0.0,232.0,0.0943280250539819,61.0,90.0,143.0,163.0,102.0,dry
20_30.jpg,119.85498692810458,1691.745433528729,125.0,136.0,-0.4545129131630394,2.6802538294453697,0.00711536650433594,5.1094998439955885,0.0,237.0,0.09328222524612609,59.0,93.0,149.0,168.0,109.0,dry
20_31.jpg,124.84950653594771,1642.0494044582042,130.0,142.0,-0.5232302635515431,2.8130839689387312,0.0073474083899354985,5.089864057620412,0.0,255.0,0.0913239833087245,64.0,100.0,153.0,172.0,108.0,dry
20_32.jpg,123.4674705882353,1589.643580896678,128.0,134.0,-0.5114601991389697,2.831316014449891,0.007373259558289543,5.079540175373759,0.0,232.0,0.09163311149959524,65.0,99.0,152.0,171.0,106.0,dry
20_33.jpg,126.61338888888888,1581.930823662867,132.0,149.0,-0.5843538433860439,2.882215210951877,0.007501855504293228,5.067165906598227,0.0,247.0,0.0907417880044146,68.0,103.0,155.0,172.0,104.0,dry
20_34.jpg,124.869477124183,1799.4000081603267,130.0,134.0,-0.45329252206504783,2.626587367513038,0.006885055235165967,5.137683552468358,0.0,248.0,0.0913093777084716,61.0,97.0,155.0,175.0,114.0,dry
20_35.jpg,123.27034967320263,1645.1853944864354,128.0,136.0,-0.5306837261725551,2.7786505108893587,0.007298506941774534,5.0887064367176045,0.0,234.0,0.09177964148700889,62.0,98.0,152.0,171.0,109.0,dry
20_36.jpg,120.01325163398693,1584.5065096272529,124.0,132.0,-0.4239780328410748,2.6620428024167455,0.007321313810927422,5.079490375362011,0.0,237.0,0.0927858263487508,60.0,95.0,148.0,168.0,108.0,dry
20_37.jpg,129.0679705882353,1703.578786006059,134.0,140.0,-0.49776051947494887,2.8280949564276954,0.007209674056986634,5.110333871699067,0.0,250.0,0.08968791288832255,67.0,105.0,157.0,178.0,111.0,dry
20_38.jpg,129.0205751633987,1583.6206439129537,134.0,139.0,-0.610918161992346,3.0368229204526136,0.007616738903840402,5.0666102642474105,0.0,232.0,0.08972085954608368,70.0,106.0,156.0,175.0,105.0,dry
20_39.jpg,123.77690849673202,1608.6269023785883,129.0,140.0,-0.5724820420564739,2.9186894504149867,0.0076125776197189165,5.070163211616525,0.0,232.0,0.09176038430383336,62.0,101.0,151.0,170.0,108.0,dry
20_4.jpg,111.65094117647058,1575.2996585870953,114.0,134.0,-0.26514400496117113,2.4995445322239513,0.007043048058439066,5.092398852590918,0.0,225.0,0.09562909313192075,55.0,84.0,141.0,161.0,106.0,dry
20_40.jpg,127.8231274509804,1788.8947726164981,134.0,138.0,-0.5403843497749101,2.757320016148512,0.007084263766072879,5.123622482148521,0.0,255.0,0.09056136501768436,62.0,102.0,158.0,177.0,115.0,dry
20_5.jpg,116.68681699346405,1747.3414978164412,120.0,125.0,-0.3233614995854559,2.4993841048745873,0.006734950446409504,5.136882184133381,0.0,234.0,0.09387908105092035,56.0,88.0,147.0,168.0,112.0,dry
20_6.jpg,115.0642254901961,1821.7882874563127,120.0,125.0,-0.33748246105622476,2.408148330225247,0.006670987269853478,5.144667828836377,0.0,255.0,0.09520292778607095,52.0,85.0,147.0,167.0,115.0,dry
20_7.jpg,114.80909477124183,1776.1201855551699,119.0,126.0,-0.3263794534402285,2.426994032524762,0.006712948139604432,5.137598915484112,0.0,250.0,0.09501609725580906,53.0,85.0,146.0,166.0,113.0,dry
20_8.jpg,117.50366666666666,1668.8434179808273,122.0,134.0,-0.368349943006906,2.636813938100956,0.0070697490922294855,5.111632850189152,0.0,249.0,0.09400013914902453,58.0,90.0,147.0,166.0,108.0,dry
20_9.jpg,121.10322222222223,1716.0152815098506,125.0,133.0,-0.35575224321483073,2.5588171007598963,0.006907983190225983,5.125427181097733,0.0,242.0,0.09232074656926326,60.0,93.0,151.0,171.0,111.0,dry
25_1.jpg,129.9759117647059,1901.2956882761355,133.0,141.0,-0.2661766912994997,2.568341593628407,0.006483204002733991,5.187882313101273,0.0,255.0,0.0887284608208641,68.0,100.0,160.0,184.0,116.0,medium
25_10.jpg,129.79643464052288,1995.893320407394,134.0,140.0,-0.35170217789626856,2.5352936356980953,0.006335135054893419,5.202436289008291,0.0,253.0,0.08918455221709311,64.0,99.0,162.0,185.0,121.0,medium
25_11.jpg,132.31903594771242,1942.6457641979173,136.0,149.0,-0.323795386862972,2.6155271449070963,0.00640838325003204,5.198667127172793,0.0,255.0,0.08813473969307752,70.0,102.0,164.0,186.0,116.0,medium
25_12.jpg,129.09477777777778,1928.7901935760824,132.0,134.0,-0.3479400715077657,2.6857461387684864,0.0064842664146268535,5.193540143672352,0.0,255.0,0.08899759921236552,66.0,100.0,160.0,183.0,117.0,medium
25_13.jpg,131.24996405228757,1947.423199921819,136.0,147.0,-0.36313864679147345,2.61275370686215,0.006460184886154898,5.19369921968063,0.0,255.0,0.08885262463801295,68.0,101.0,163.0,184.0,116.0,medium
25_14.jpg,127.10619934640522,2122.8666370411283,132.0,144.0,-0.26286388475328554,2.370987901714662,0.006105882032551584,5.229635631471576,0.0,255.0,0.09038996801221709,61.0,93.0,161.0,184.0,123.0,medium
25_15.jpg,130.14538235294117,1833.7717582765245,133.0,154.0,-0.37646725227089567,2.7221745185521704,0.006664165470545518,5.166668765326678,0.0,251.0,0.08861292184301743,69.0,102.0,161.0,182.0,113.0,medium
25_16.jpg,130.39611437908496,1945.209724033311,134.0,133.0,-0.35127120255825883,2.635798270684304,0.006401538660344312,5.197061013889872,0.0,247.0,0.08877440066302271,69.0,100.0,162.0,185.0,116.0,medium
25_17.jpg,127.98739215686274,2168.4727922231336,133.0,146.0,-0.37507805694396756,2.4168059553500507,0.006136605643128714,5.229276969530382,0.0,255.0,0.09010702070197947,59.0,95.0,163.0,184.0,125.0,medium
25_18.jpg,124.18674836601308,2097.1579915957273,129.0,148.0,-0.3482931052568101,2.4187440785352727,0.006161483766927253,5.218783469863358,0.0,255.0,0.09145755759806098,57.0,92.0,158.0,180.0,123.0,medium
25_19.jpg,121.90128431372548,2527.542780510025,123.0,120.0,-0.10385215241613717,2.2502746654477708,0.0054381658977316425,5.319053711123462,0.0,255.0,0.09097965266606037,52.0,83.0,159.0,189.0,137.0,medium
25_2.jpg,132.50232026143792,2042.7987065431776,138.0,154.0,-0.40866936921683183,2.5716302598999445,0.006313082126532532,5.210063833179427,0.0,255.0,0.08865761823107902,67.0,101.0,166.0,187.0,120.0,medium
25_20.jpg,126.2703137254902,2167.804729685892,131.0,139.0,-0.31048369038522516,2.4572852449497793,0.006126707569738136,5.23696504446363,0.0,255.0,0.09064302451280826,58.0,93.0,160.0,183.0,125.0,medium
25_21.jpg,126.4394411764706,2181.4483219819053,133.0,149.0,-0.3858777027835478,2.420295341728495,0.006186061237131021,5.224344952934881,0.0,253.0,0.09121016739211053,55.0,94.0,160.0,182.0,127.0,medium
25_22.jpg,128.1690294117647,1879.0174000397371,133.0,147.0,-0.48461559581254876,2.7478780434124688,0.006743489234909653,5.162019909349109,0.0,248.0,0.08997932376955502,63.0,101.0,159.0,180.0,117.0,medium
25_23.jpg,126.5752091503268,1919.760422948867,131.0,139.0,-0.38475869600304924,2.563996114872489,0.006502867166474431,5.1801338020729295,0.0,246.0,0.09042468283553333,62.0,97.0,159.0,180.0,118.0,medium
25_24.jpg,125.5836209150327,1856.5589062698791,130.0,140.0,-0.4365659051231021,2.732460992543189,0.006716548250672823,5.1640130288088955,0.0,250.0,0.09079013782144069,62.0,98.0,156.0,177.0,115.0,medium
25_25.jpg,126.32322549019608,1702.4366225305141,130.0,140.0,-0.4471014928482498,2.8475100249402545,0.007033240804818661,5.1261952116426,0.0,248.0,0.09025857443670378,68.0,100.0,155.0,176.0,108.0,medium
25_26.jpg,128.2548954248366,2021.1264330299875,132.0,146.0,-0.3280371593945651,2.526672016713396,0.006261444658037508,5.212698416571458,0.0,255.0,0.08958040357850687,64.0,97.0,161.0,183.0,119.0,medium
25_27.jpg,129.47052287581698,1867.7206721203413,134.0,146.0,-0.489298070388349,2.76294922330349,0.006759634563629372,5.159369961666761,0.0,246.0,0.08940905347152503,65.0,103.0,160.0,182.0,117.0,medium
25_28.jpg,131.36138562091503,2055.0928329777553,138.0,155.0,-0.5117151853781527,2.745351070252235,0.006572665491904825,5.199688226486684,0.0,255.0,0.08942765081948366,63.0,102.0,163.0,184.0,121.0,medium
25_29.jpg,124.57243464052289,2244.7226674931803,129.0,148.0,-0.23136112450201735,2.3829471738093004,0.005912051561365288,5.261499187765567,0.0,248.0,0.09117439764564012,57.0,89.0,159.0,183.0,126.0,medium
25_3.jpg,126.14326470588236,2202.2000597887186,128.0,138.0,-0.24403989449817368,2.3506526708497355,0.005885727583408093,5.251763371614307,0.0,255.0,0.08968935856673746,59.0,92.0,162.0,186.0,127.0,medium
25_30.jpg,126.94817647058824,2171.200044423268,131.0,138.0,-0.28611400663232,2.446298309860817,0.006057397795719596,5.243418733080613,0.0,255.0,0.09015901969187666,60.0,94.0,161.0,185.0,125.0,medium
25_31.jpg,133.82094771241827,1878.2775326181143,138.0,147.0,-0.4704350382052955,2.8493777930906945,0.006692568093468327,5.172912820876382,0.0,253.0,0.08778401532259215,72.0,106.0,165.0,185.0,113.0,medium
25_32.jpg,127.46217647058823,1838.9530521150775,133.0,146.0,-0.48140420496969316,2.635855153245448,0.006759954889145205,5.147653055698994,0.0,255.0,0.09047831218645418,64.0,99.0,159.0,178.0,114.0,medium
25_33.jpg,127.0133137254902,1872.1045424709737,131.0,143.0,-0.4283204113228001,2.7132055865740865,0.006665593382886927,5.16837214659896,0.0,244.0,0.09011278271974259,64.0,99.0,158.0,180.0,116.0,medium
25_34.jpg,131.66279084967323,2075.1868474830203,135.0,148.0,-0.34280031060578264,2.5757691386244357,0.006185914221026103,5.227144595792557,0.0,255.0,0.08824778788023911,67.0,101.0,165.0,188.0,121.0,medium
25_35.jpg,130.1654248366013,1893.3314103994853,134.0,138.0,-0.3735642806257375,2.6258214894547263,0.006523222948438638,5.179312134292545,0.0,249.0,0.08893173373283693,68.0,101.0,161.0,184.0,116.0,medium
25_36.jpg,130.41111437908498,1964.1365781186598,134.0,137.0,-0.39247131480425396,2.7166645351607643,0.006430266969968819,5.200120636572582,0.0,255.0,0.0887641897541114,68.0,101.0,162.0,184.0,116.0,medium
25_37.jpg,126.21671895424836,2148.615164176866,130.0,138.0,-0.3539405499275086,2.548882769694504,0.006156082083813923,5.234382975208135,0.0,248.0,0.09033473810331213,58.0,96.0,159.0,184.0,126.0,medium
25_38.jpg,128.80941176470589,1992.0683998860156,134.0,153.0,-0.4615967945097724,2.674479103958197,0.006497740698022127,5.191466569599972,0.0,251.0,0.08986794322091637,63.0,100.0,161.0,182.0,119.0,medium
25_39.jpg,126.14420588235294,2070.2855504583545,132.0,138.0,-0.4701863864718772,2.595414032079356,0.006465219082404204,5.197114212114225,0.0,248.0,0.09107929462722425,56.0,98.0,159.0,180.0,124.0,medium
25_4.jpg,129.0608431372549,2036.281610130816,133.0,147.0,-0.39419450869503525,2.738803586737229,0.006403870626682048,5.215013597178702,0.0,255.0,0.089357564342006,64.0,100.0,161.0,183.0,119.0,medium
25_40.jpg,127.64244444444444,2120.4137172550963,130.0,140.0,-0.15162676162652977,2.5128903032813215,0.006074631359733434,5.245573262932817,0.0,255.0,0.08932572782209541,64.0,94.0,160.0,186.0,122.0,medium
25_41.jpg,130.0291960784314,2119.065370462742,136.0,148.0,-0.41219115450224186,2.4583094372155365,0.006243076145926782,5.213904810117245,0.0,255.0,0.08968680989657384,61.0,98.0,163.0,186.0,125.0,medium
25_42.jpg,124.37692810457517,1938.7248738761284,128.0,138.0,-0.33706100348387713,2.5793142569455183,0.006428763637917045,5.19126355063805,0.0,254.0,0.09096308030274138,61.0,95.0,156.0,179.0,118.0,medium
25_43.jpg,126.60474183006536,1999.2128748504344,130.0,144.0,-0.3228917760390159,2.5567224813587144,0.006334192169678331,5.207047819073472,0.0,255.0,0.09005787687079946,62.0,96.0,159.0,181.0,119.0,medium
25_44.jpg,131.084454248366,2118.5337105345416,134.0,146.0,-0.1339556064389096,2.616522455721283,0.00613035947712418,5.239815730272982,0.0,255.0,0.0883082358557748,68.0,97.0,163.0,187.0,119.0,medium
25_45.jpg,125.29532679738561,1796.895248424955,128.0,141.0,-0.3356014359892424,2.691266429594342,0.00667932421290957,5.16095796625781,0.0,252.0,0.09029633257815031,66.0,97.0,155.0,178.0,112.0,medium
25_46.jpg,124.44764052287582,1980.1442724657209,126.0,135.0,-0.12000896652812991,2.5610617617993325,0.006247526549617665,5.218721988580486,0.0,255.0,0.09019835260161854,64.0,93.0,155.0,182.0,118.0,medium
25_47.jpg,125.69089869281046,2396.9412126467555,128.0,154.0,-0.15064585809335618,2.129784457506885,0.00561241759579649,5.277418421393072,0.0,253.0,0.09001215375693632,57.0,87.0,164.0,189.0,132.0,medium
25_48.jpg,130.08320588235293,2012.364735418908,135.0,154.0,-0.38960066618931394,2.4960078185229726,0.0063344689649280205,5.199594239734908,0.0,255.0,0.08931937032002742,64.0,99.0,163.0,184.0,120.0,medium
25_49.jpg,124.66048692810458,1943.3547746693807,129.0,146.0,-0.266739051382066,2.570203096663655,0.006444166773463199,5.19684403559479,0.0,255.0,0.09110999781471205,61.0,94.0,156.0,178.0,117.0,medium
25_5.jpg,130.25483986928106,1802.6252885732026,133.0,139.0,-0.37624799105368045,2.6705974916404966,0.0066851842240164055,5.157683397455337,0.0,247.0,0.08853845742887136,70.0,102.0,161.0,183.0,113.0,medium
25_50.jpg,129.3315980392157,2045.686930654287,134.0,149.0,-0.3434064423738853,2.508608616898001,0.006283813853646036,5.213561336639562,0.0,255.0,0.08950509448804786,63.0,98.0,162.0,184.0,121.0,medium
25_51.jpg,130.5464705882353,2340.0362364963703,133.0,138.0,-0.1337580064300298,2.384155983684221,0.005697996753385451,5.291762366028575,0.0,255.0,0.08834066936245534,64.0,94.0,165.0,193.0,129.0,medium
25_52.jpg,129.5116339869281,2000.9265051913835,133.0,138.0,-0.34269589451167465,2.600541017303602,0.006363194989106758,5.20811796468644,0.0,255.0,0.08904653767116245,65.0,99.0,162.0,184.0,119.0,medium
25_53.jpg,129.77059803921566,2136.682279114723,135.0,136.0,-0.3782738623223041,2.385392355645228,0.006135619163569572,5.221330170810572,0.0,251.0,0.08953453412545032,62.0,97.0,165.0,186.0,124.0,medium
25_54.jpg,132.8111045751634,2028.5371466170698,138.0,155.0,-0.47318305927363385,2.64192301379727,0.006458252018454442,5.197853772619776,0.0,252.0,0.08845149027295693,65.0,103.0,165.0,186.0,121.0,medium
25_55.jpg,127.90617973856209,1989.8519101061775,133.0,147.0,-0.3600228228413596,2.6125023890684895,0.0064502406980221265,5.200706840923861,0.0,247.0,0.09016423302019609,63.0,98.0,159.0,182.0,119.0,medium
25_56.jpg,124.50302287581698,2282.7582498369234,128.0,139.0,-0.18516889513866966,2.2936424163700946,0.00581127017386475,5.265402928730232,0.0,254.0,0.09087095427610131,56.0,88.0,160.0,185.0,129.0,medium
25_57.jpg,123.35481699346406,1840.1097553932714,128.0,139.0,-0.42753349372659954,2.7087220701506354,0.006728346341150839,5.160360608620398,0.0,249.0,0.0917167952961595,61.0,95.0,154.0,175.0,114.0,medium
25_58.jpg,128.56816013071892,2009.6637338020648,134.0,146.0,-0.44561627484985683,2.6287952995484485,0.006483673523003974,5.194103023441907,0.0,250.0,0.09003657586000097,61.0,100.0,160.0,183.0,122.0,medium
25_59.jpg,130.44999019607843,1995.5590347403886,136.0,147.0,-0.4125745708160671,2.6141274489303923,0.006470895617070357,5.195954413260271,0.0,248.0,0.08939750606467413,64.0,101.0,162.0,184.0,120.0,medium
25_6.jpg,128.22517320261437,1909.4684507915977,131.0,142.0,-0.293908017436374,2.572445716734218,0.006417938741509683,5.190697710823911,0.0,252.0,0.08926112444530694,67.0,98.0,159.0,183.0,116.0,medium
25_60.jpg,129.22592810457516,2160.161317907857,134.0,148.0,-0.3153895541234133,2.477518338801941,0.006085667072493487,5.240887303597655,0.0,255.0,0.08957828411510856,61.0,97.0,163.0,186.0,125.0,medium
25_61.jpg,125.73118954248366,1956.1552063906151,132.0,145.0,-0.459949873114766,2.590462987775118,0.006672474069802216,5.169145597926414,0.0,252.0,0.09137848241858847,58.0,98.0,157.0,179.0,121.0,medium
25_62.jpg,124.30307516339869,1944.3005650338696,131.0,146.0,-0.5244972164078587,2.5644459804873776,0.006710919325900296,5.155740794699862,0.0,235.0,0.09207755421347578,56.0,96.0,157.0,176.0,120.0,medium
25_63.jpg,128.2211699346405,1891.8001495570356,132.0,136.0,-0.3854480473031392,2.685502953493793,0.006559614293647739,5.180242041452481,0.0,255.0,0.08960396554588082,66.0,100.0,159.0,182.0,116.0,medium
25_64.jpg,129.45322549019608,2237.14377001379,133.0,138.0,-0.3125054244586558,2.5091809486866437,0.005993941838609086,5.25882219784903,0.0,255.0,0.0890867149196232,60.0,97.0,164.0,187.0,127.0,medium
25_65.jpg,129.53757843137254,2012.7357874400477,136.0,152.0,-0.5399176164031031,2.6813526108616625,0.006745622346106197,5.171986100308485,0.0,253.0,0.09002718694381753,58.0,102.0,161.0,181.0,123.0,medium
25_66.jpg,130.40463071895425,2094.130379391526,134.0,148.0,-0.3777573676107612,2.6314865133936975,0.006211414755008759,5.228209951039534,0.0,255.0,0.08876860307007244,64.0,100.0,163.0,187.0,123.0,medium
25_67.jpg,132.3074705882353,1939.5621354587693,138.0,148.0,-0.5804624085565301,2.902019245100357,0.00682242545602119,5.16611944212707,0.0,255.0,0.08878818461453752,66.0,106.0,163.0,184.0,118.0,medium
25_68.jpg,128.82989869281045,1814.5819359918278,132.0,146.0,-0.4142730298339554,2.91038342581516,0.006851477401853993,5.160078743209704,0.0,249.0,0.08918058160141382,70.0,102.0,158.0,180.0,110.0,medium
25_69.jpg,128.12907189542483,2312.649251810973,133.0,154.0,-0.3917534837757107,2.4335953010289963,0.00592277453116323,5.25888990701932,0.0,255.0,0.09000738414841039,56.0,95.0,164.0,187.0,131.0,medium
25_7.jpg,124.52921241830066,2209.799877662807,129.0,143.0,-0.2968968701550363,2.2910472607277406,0.005935240121320863,5.241152615186708,0.0,255.0,0.09120604291183501,57.0,89.0,160.0,183.0,126.0,medium
25_70.jpg,132.47059150326797,1793.9058316627738,135.0,130.0,-0.40444954895700386,2.8558163449921867,0.006758842710068777,5.158160865618705,0.0,255.0,0.08770965620951136,74.0,105.0,163.0,185.0,111.0,medium
25_71.jpg,130.7814248366013,1710.4351114951685,135.0,137.0,-0.49317877155560363,2.8421883482177837,0.007018998633004404,5.122611809693698,0.0,251.0,0.08884250995995036,71.0,105.0,161.0,180.0,109.0,medium
25_72.jpg,129.48212418300653,1953.2352117608282,136.0,154.0,-0.6438523195554758,2.7842859582789545,0.006853793818616776,5.144682799348862,0.0,248.0,0.09006574354007339,60.0,103.0,161.0,181.0,121.0,medium
25_73.jpg,126.76675163398693,1987.4183833821041,133.0,153.0,-0.45695524110545427,2.574461286834253,0.006538580951770687,5.182827991470157,0.0,243.0,0.09097466367181761,59.0,97.0,159.0,180.0,121.0,medium
25_74.jpg,130.33795751633986,1895.7013494342648,135.0,139.0,-0.4864925000749552,2.712405923302869,0.006640441069674058,5.167286773107993,0.0,243.0,0.08914479143319119,67.0,103.0,162.0,183.0,116.0,medium
25_75.jpg,126.75772549019607,1653.363123864962,134.0,145.0,-0.7413698797820965,3.0098638645623406,0.007653986009654411,5.058015235547474,0.0,237.0,0.09132253563263523,64.0,103.0,156.0,172.0,108.0,medium
25_76.jpg,131.8221176470588,1779.5159749964428,137.0,154.0,-0.5858663754010242,2.9880642080737427,0.007149527852535351,5.128861478140107,0.0,255.0,0.08879162404337827,69.0,107.0,161.0,180.0,111.0,medium
25_77.jpg,130.97598039215688,1935.4491319722429,138.0,148.0,-0.6271752275191753,2.7728617828604403,0.006884167286086554,5.145838751917413,0.0,244.0,0.08969079742177051,62.0,105.0,163.0,182.0,120.0,medium
25_78.jpg,131.45084640522876,1643.6721853122954,138.0,154.0,-0.712275440625211,3.065124904365437,0.007590971079499341,5.067707178029182,0.0,245.0,0.08936678953178237,71.0,108.0,160.0,177.0,106.0,medium
25_79.jpg,130.05646078431374,1644.2605657422205,133.0,131.0,-0.49205383770637534,2.998696689171065,0.007165893139390835,5.107575762853241,0.0,246.0,0.08867350783746494,74.0,105.0,159.0,179.0,105.0,medium
25_8.jpg,123.79758169934641,1917.6412473594285,127.0,137.0,-0.2618285152577416,2.513051315095109,0.00637881524200094,5.1921185187699415,0.0,250.0,0.09103108085708382,62.0,93.0,156.0,179.0,117.0,medium
25_80.jpg,134.94533333333334,1661.0296703337685,139.0,148.0,-0.6446875180760056,3.038041519896826,0.0072866905250117495,5.089281507660343,0.0,237.0,0.08736742376580833,77.0,110.0,165.0,183.0,106.0,medium
25_9.jpg,127.20894771241831,2150.408731878706,132.0,142.0,-0.30365693832604373,2.4367916955475946,0.0061034439318210995,5.235441232750489,0.0,255.0,0.09031695882784567,59.0,94.0,161.0,184.0,125.0,medium
30_1.jpg,121.49598366013072,2274.232365746959,125.0,128.0,-0.2254630060597597,2.2336977569736,0.005779727647486006,5.257680866663984,0.0,240.0,0.0920223002496486,54.0,85.0,158.0,182.0,128.0,medium
30_10.jpg,126.64656535947712,2440.791829120966,127.0,137.0,-0.04691679699147458,2.3382086138697806,0.005530105878081081,5.313979074964783,0.0,255.0,0.08898328697345394,60.0,89.0,163.0,192.0,132.0,medium
30_11.jpg,123.9278431372549,2383.9491802027883,128.0,158.0,-0.28985617341953146,2.252277477428361,0.005691807403135549,5.274193194230343,0.0,251.0,0.09129270882617065,54.0,88.0,162.0,185.0,131.0,medium
30_12.jpg,128.55149346405227,2394.992589489194,131.0,155.0,-0.1264992482612433,2.443198376869414,0.005709336750822333,5.292006939201169,0.0,255.0,0.08903454043075888,60.0,92.0,163.0,190.0,130.0,medium
30_13.jpg,121.65357189542483,2654.7466897444965,124.0,155.0,-0.1016289822636169,2.204606401985226,0.005324539493357253,5.338878128100545,0.0,255.0,0.09153474536064017,50.0,81.0,161.0,188.0,138.0,medium
30_14.jpg,126.28188235294118,2162.0375049950544,129.0,134.0,-0.23677314636084723,2.439057141174229,0.005979202037677819,5.248720768870417,0.0,254.0,0.08994019157757682,60.0,94.0,160.0,185.0,125.0,medium
30_15.jpg,128.9118071895425,2338.1463587584067,131.0,141.0,-0.18485971862867745,2.3258530119602865,0.005692909949164856,5.285768317848926,0.0,255.0,0.08878568528196132,63.0,92.0,165.0,190.0,127.0,medium
30_16.jpg,130.37233660130718,2490.6610268313457,131.0,139.0,-0.09789959462779173,2.4562488904369455,0.005525159831688667,5.327445129498809,0.0,255.0,0.08779104095726423,62.0,94.0,166.0,195.0,133.0,medium
30_17.jpg,126.69545098039215,2156.1149190415495,127.0,135.0,-0.16169834732437083,2.5233854098528186,0.005969654256909739,5.257725536853685,0.0,255.0,0.08894895264494336,63.0,94.0,160.0,187.0,124.0,medium
30_18.jpg,124.98628431372549,2297.9435194611992,129.0,154.0,-0.3021980119870007,2.3758681065498104,0.005845686787133153,5.266857174025871,0.0,255.0,0.09087250456291289,56.0,90.0,161.0,184.0,128.0,medium
30_19.jpg,128.25620261437908,2577.5914654846765,131.0,139.0,-0.2209120853403239,2.185198957896125,0.005419784100132426,5.315450877417084,0.0,254.0,0.08923952923097393,56.0,89.0,168.0,193.0,137.0,medium
30_2.jpg,128.67067647058823,1938.0117570589846,131.0,142.0,-0.2560638924816374,2.67644426685239,0.006421660237515489,5.203478965775045,0.0,255.0,0.08895207094738353,67.0,99.0,159.0,183.0,116.0,medium
30_20.jpg,127.18867647058823,2584.3752845450267,128.0,127.0,-0.0890297489748141,2.35781575914353,0.005399701439617244,5.339786273623613,0.0,255.0,0.08895216785749792,57.0,89.0,164.0,193.0,136.0,medium
30_21.jpg,122.8166568627451,2208.17782465196,128.0,147.0,-0.2973263498466539,2.368235039543491,0.006046227946516298,5.241530110517527,0.0,255.0,0.09211868152076881,54.0,88.0,157.0,180.0,126.0,medium
30_22.jpg,130.6357614379085,2266.6950805958813,135.0,146.0,-0.3371194822651502,2.4869990360194696,0.005953557734204793,5.263412827735086,0.0,255.0,0.08894157243569759,61.0,97.0,165.0,188.0,127.0,medium
30_23.jpg,127.87483006535948,2408.9485043733876,131.0,132.0,-0.23087655762187057,2.3666521079252485,0.005646243688325003,5.297510009433393,0.0,255.0,0.08950567626490337,57.0,93.0,164.0,190.0,133.0,medium
30_24.jpg,125.82016666666667,2273.887484181481,128.0,134.0,-0.10629845011840167,2.4204503511976583,0.005830565060446838,5.275880804349371,0.0,255.0,0.08991967503077616,58.0,91.0,159.0,187.0,129.0,medium
30_25.jpg,128.27226470588238,2392.6708185682655,131.0,147.0,-0.2030206349177643,2.3940025091660937,0.005660979559143926,5.299331011148868,0.0,255.0,0.08922835476946812,59.0,92.0,164.0,190.0,131.0,medium
30_26.jpg,123.47368627450982,2054.123423413537,127.0,139.0,-0.22137586014680374,2.3859432937944955,0.006138038126361657,5.219923585685727,0.0,255.0,0.09126987303618819,59.0,90.0,156.0,181.0,122.0,medium
30_27.jpg,130.01086274509805,2334.4583699683176,133.0,147.0,-0.21856188847760522,2.422057716912393,0.005752707697893972,5.287218738157095,0.0,255.0,0.08870460783943704,61.0,95.0,165.0,190.0,129.0,medium
30_28.jpg,123.59117973856209,2314.449162238947,125.0,134.0,-0.04220198243852114,2.436385545983986,0.005737180229826132,5.289795697351747,0.0,255.0,0.09046227984188854,58.0,88.0,157.0,186.0,128.0,medium
30_29.jpg,123.3658202614379,2140.2033445903517,125.0,138.0,-0.21066581005669047,2.4441126280361933,0.00597398423683199,5.247627512344086,0.0,255.0,0.09062753251918138,59.0,90.0,157.0,182.0,123.0,medium
30_3.jpg,125.93989869281046,2162.9847692031576,129.0,145.0,-0.2125574015860507,2.492853906868309,0.00599832064590542,5.253611910197476,0.0,255.0,0.09018441978664965,61.0,93.0,159.0,184.0,123.0,medium
30_30.jpg,130.96679411764705,2207.3504084600463,134.0,146.0,-0.2600328361788126,2.3911784614168425,0.00592020434448289,5.254846996656579,0.0,255.0,0.08838757168012899,64.0,97.0,166.0,190.0,126.0,medium
30_31.jpg,124.58297385620915,2177.7412815150938,130.0,147.0,-0.3556537932111007,2.434319211644777,0.006064824789610834,5.236972778725154,0.0,255.0,0.0915193617400001,56.0,92.0,159.0,182.0,126.0,medium
30_32.jpg,123.98953267973856,2393.2610148043827,123.0,115.0,0.02020554591368171,2.364788172386892,0.005594168225896023,5.304809213047888,0.0,255.0,0.08944736113374956,58.0,87.0,160.0,188.0,130.0,medium
30_33.jpg,125.79989215686274,2197.631866785799,128.0,139.0,-0.16582062187093738,2.394658679486799,0.005890817997351448,5.25991916938573,0.0,255.0,0.08993416691389085,60.0,91.0,160.0,185.0,125.0,medium
30_34.jpg,123.78631699346406,2332.358371369345,127.0,153.0,-0.15322855922385994,2.3037198371420637,0.005726022512708788,5.280470673414951,0.0,255.0,0.09103936479651198,55.0,87.0,159.0,185.0,130.0,medium
30_35.jpg,128.33214052287582,2063.138731527376,130.0,146.0,-0.16855384949033733,2.6401436881520395,0.006191265902003502,5.237143298057066,0.0,255.0,0.0888456641067166,66.0,97.0,160.0,185.0,119.0,medium
30_36.jpg,123.69035620915032,2106.441022889377,128.0,149.0,-0.26756010368861555,2.365853940673599,0.006071028984578586,5.22835255564354,0.0,251.0,0.09146799189303167,58.0,90.0,158.0,181.0,123.0,medium
30_37.jpg,125.03608823529412,2558.810648728886,126.0,132.0,-0.10624242340628826,2.170671148651265,0.0053962824981844595,5.3198361359206165,0.0,255.0,0.08977385904138782,55.0,85.0,164.0,191.0,136.0,medium
30_38.jpg,128.33550980392155,2324.967883145196,132.0,147.0,-0.27776314647647926,2.494759975507361,0.00581916478704772,5.282491164744686,0.0,255.0,0.0895241333488277,58.0,95.0,163.0,188.0,130.0,medium
30_39.jpg,127.19835620915032,2297.2123122874023,132.0,139.0,-0.3369769584836985,2.486412088038388,0.005909425178350204,5.269295869124097,0.0,255.0,0.09032447930525661,57.0,94.0,162.0,186.0,129.0,medium
30_4.jpg,124.8378660130719,2448.5729228605996,128.0,136.0,-0.1976166174164099,2.3315126078477695,0.005589742791234141,5.305831195310656,0.0,255.0,0.09062721800931851,55.0,88.0,162.0,187.0,132.0,medium
30_40.jpg,125.2177679738562,2224.958682663893,130.0,151.0,-0.28476026430027074,2.428672844906959,0.005989134200521172,5.254114745995959,0.0,255.0,0.09105540240400958,57.0,91.0,159.0,183.0,126.0,medium
30_5.jpg,128.07798039215686,2348.1329872728184,131.0,147.0,-0.18224280956870828,2.439322230411327,0.005736628155837499,5.290585829725217,0.0,255.0,0.08936370722910376,60.0,93.0,163.0,190.0,130.0,medium
30_6.jpg,128.13360130718954,2025.1405158565346,132.0,148.0,-0.27896761446469875,2.528606632075846,0.006248356102353798,5.217741919766018,0.0,255.0,0.08966520238147249,64.0,96.0,161.0,183.0,119.0,medium
30_7.jpg,123.21600326797386,2612.7962287110986,124.0,151.0,-0.026427203836363287,2.2646112652859185,0.005341548101157675,5.339704753004197,0.0,255.0,0.09037404582456843,53.0,83.0,161.0,190.0,137.0,medium
30_8.jpg,123.25546732026143,2364.6833811188785,126.0,139.0,-0.1700308899842485,2.2837158953715573,0.005674096223674656,5.285759290279927,0.0,255.0,0.09107078496692861,54.0,86.0,160.0,185.0,131.0,medium
30_9.jpg,124.04201960784314,2274.028506097889,126.0,134.0,-0.16629663830466793,2.4249306911250588,0.005789596693579393,5.2779265233456645,0.0,255.0,0.0904933037676216,57.0,90.0,159.0,185.0,128.0,medium
35_1.jpg,129.77674183006536,2228.0883265870507,131.0,137.0,-0.1332336958333895,2.546227375663154,0.005896761480627112,5.274939121633721,0.0,255.0,0.08819394739657438,64.0,97.0,163.0,190.0,126.0,medium
35_10.jpg,130.2712254901961,2072.986683886608,132.0,148.0,-0.20443161487140707,2.635052792433112,0.00616844912213251,5.239356239347327,0.0,255.0,0.08819388356748592,67.0,99.0,162.0,187.0,120.0,medium
35_11.jpg,126.09985947712418,2608.2085917194077,128.0,139.0,-0.08995542016697729,2.292229045100998,0.005362994019394252,5.338887430311801,0.0,255.0,0.08972023082259806,54.0,88.0,164.0,192.0,138.0,medium
35_12.jpg,126.83008496732026,2179.1026927489265,129.0,140.0,-0.15202765305465837,2.5204660261521954,0.005961852150882144,5.262569227040965,0.0,255.0,0.08955143958570291,62.0,93.0,160.0,186.0,124.0,medium
35_13.jpg,125.52632679738562,2191.382046975208,126.0,113.0,-0.0674410183956106,2.61168911000631,0.005960853069332308,5.267870138583497,0.0,255.0,0.08942325045837006,62.0,93.0,158.0,185.0,123.0,medium
35_14.jpg,125.15699019607843,2336.4112548428093,125.0,133.0,-0.06542719667260005,2.3532594264031563,0.005656560275962239,5.292542124116959,0.0,255.0,0.0893305269644401,59.0,89.0,161.0,189.0,130.0,medium
35_15.jpg,126.88285294117645,2207.9453649476227,128.0,127.0,-0.1781627312325292,2.4279208120771725,0.005868263701994958,5.26353737943591,0.0,255.0,0.08916656771762418,62.0,94.0,162.0,188.0,126.0,medium
35_16.jpg,130.2185653594771,2254.3084210697034,134.0,140.0,-0.2960583212053695,2.5113800545275806,0.005905883976248453,5.268722973064376,0.0,255.0,0.08889544183530473,63.0,97.0,165.0,189.0,126.0,medium
35_17.jpg,123.66171241830065,2129.7652508645897,125.0,137.0,-0.11947400451055996,2.4841322867779154,0.0059958130419923965,5.250622454973566,0.0,255.0,0.0904106830550761,60.0,90.0,157.0,183.0,123.0,medium
35_18.jpg,134.73374183006536,2993.1898203942515,136.0,138.0,-0.09480451162049995,2.4046012406706523,0.005056845358622752,5.400063448524297,0.0,255.0,0.08655518381133752,59.0,95.0,174.0,206.0,147.0,medium
35_19.jpg,128.04329411764704,2103.718100136363,131.0,148.0,-0.26439122184533514,2.5630742317825614,0.006119930005553421,5.240018157456532,0.0,255.0,0.08938791540104689,63.0,97.0,161.0,185.0,122.0,medium
35_2.jpg,125.02199346405229,2152.5247601426713,126.0,135.0,-0.08009343398965643,2.5772132783842925,0.0060009608270323415,5.259972755212308,0.0,255.0,0.08978397999668238,62.0,92.0,157.0,184.0,122.0,medium
35_20.jpg,122.43475163398693,2371.931756014168,124.0,130.0,-0.08395935394791533,2.4208771729627583,0.005666583450809514,5.299915510499632,0.0,255.0,0.0909507192773927,54.0,87.0,158.0,185.0,131.0,medium
35_21.jpg,130.15657189542486,2290.5399324607893,132.0,138.0,-0.13576395141429462,2.488296057057978,0.005791959630911193,5.286553217734801,0.0,255.0,0.08827157265871345,64.0,96.0,164.0,191.0,127.0,medium
35_22.jpg,128.20350980392158,2320.6992697441947,129.0,126.0,-0.15166345812684504,2.400937386953283,0.005706493421333673,5.288557949959088,0.0,255.0,0.08859208853931959,62.0,93.0,164.0,190.0,128.0,medium
35_23.jpg,128.56287581699348,2324.9974899192307,132.0,147.0,-0.2631391018257065,2.3843902833285413,0.005777519671921055,5.278187031409541,0.0,255.0,0.08936580813135031,59.0,94.0,164.0,189.0,130.0,medium
35_24.jpg,125.82809150326798,1887.5653178400771,127.0,127.0,-0.20338578668361534,2.7031219734227467,0.006495948481353325,5.194666447823307,0.0,254.0,0.08956209646787781,66.0,97.0,156.0,180.0,114.0,medium
35_25.jpg,128.03516666666667,2125.7767361291944,131.0,153.0,-0.24983356941480073,2.4622441793759333,0.006023862809175954,5.242740356784092,0.0,255.0,0.0893935895913461,64.0,95.0,162.0,186.0,122.0,medium
35_26.jpg,123.42113725490195,2344.021305326103,124.0,140.0,-0.03407486327322956,2.3684931948526824,0.005658541116664528,5.294802538535125,0.0,255.0,0.09022383826087918,58.0,87.0,158.0,187.0,129.0,medium
35_27.jpg,128.66311437908496,2335.9368198498946,130.0,135.0,-0.14465140495505152,2.4909585621006713,0.00573129777008843,5.295880080319995,0.0,255.0,0.08861711692597432,62.0,94.0,163.0,191.0,129.0,medium
35_28.jpg,123.18171895424837,2269.1102496642407,125.0,137.0,-0.08000092344226793,2.410480485410248,0.0057842526165150145,5.2784554048889545,0.0,255.0,0.09076297994876581,57.0,88.0,157.0,184.0,127.0,medium
35_29.jpg,123.36926470588236,2409.2974722334716,124.0,134.0,-0.046727274880172684,2.370842467185707,0.005586630697594939,5.307304500675021,0.0,255.0,0.09026177429368347,56.0,87.0,159.0,187.0,131.0,medium
35_3.jpg,128.17768627450982,2165.5732874258365,131.0,137.0,-0.2318635319744171,2.6053255002866806,0.006064758020419495,5.254291777114531,0.0,255.0,0.08929419366914974,62.0,97.0,161.0,186.0,124.0,medium
35_30.jpg,126.18514379084968,2148.353795685928,127.0,134.0,-0.09340425819283127,2.6544110144640447,0.006083255670895808,5.258264820982674,0.0,255.0,0.08930867240808935,63.0,95.0,157.0,186.0,123.0,medium
35_31.jpg,126.52867320261439,2187.23883200071,128.0,140.0,-0.12110526632746317,2.4486208292741187,0.005897927784185571,5.263650730264494,0.0,255.0,0.08941616325074207,62.0,93.0,160.0,186.0,124.0,medium
35_32.jpg,125.59882679738563,2534.3876004257377,126.0,128.0,-0.017241625256685128,2.3520422358314015,0.0054408823529411765,5.328699675871384,0.0,255.0,0.08937163225600667,56.0,88.0,162.0,191.0,135.0,medium
35_33.jpg,126.44522549019607,2280.2852352403966,128.0,130.0,-0.10625335486365121,2.471198987826703,0.005787066299286596,5.283523136165687,0.0,255.0,0.08947517357910813,61.0,92.0,161.0,188.0,127.0,medium
35_34.jpg,128.11434640522876,2325.456862500288,129.0,135.0,-0.1537483108687282,2.426197350219209,0.005723485924217179,5.289594206107128,0.0,255.0,0.08865374573801048,61.0,94.0,163.0,190.0,129.0,medium
35_35.jpg,126.73011111111111,2577.728183761123,127.0,147.0,-0.06773021055086176,2.3570685795340838,0.005402896941347343,5.337174199174323,0.0,255.0,0.08892462549570504,56.0,89.0,164.0,192.0,136.0,medium
35_36.jpg,128.96412418300653,2137.695119434082,130.0,137.0,-0.15731007436617683,2.4559160369156836,0.005957765923362807,5.251239391970826,0.0,255.0,0.08841027939531246,66.0,96.0,163.0,189.0,123.0,medium
35_37.jpg,125.31540522875818,2385.366457271011,126.0,134.0,-0.10500721961482062,2.413145070575144,0.005635226835832375,5.303694838658048,0.0,255.0,0.08957376102188788,58.0,90.0,160.0,189.0,131.0,medium
35_38.jpg,124.5311045751634,2180.3359384140695,126.0,137.0,-0.11177674214221947,2.567115847085158,0.005990131039343837,5.263525302444592,0.0,255.0,0.09013789927115562,61.0,92.0,156.0,185.0,124.0,medium
35_39.jpg,129.70745098039217,2295.0263543122946,132.0,147.0,-0.20633808196864784,2.5745689331229977,0.0058538239993164995,5.285583563898762,0.0,255.0,0.0885772190127525,62.0,96.0,164.0,189.0,127.0,medium
35_4.jpg,124.94183986928104,2214.8504769413685,125.0,146.0,-0.0710767486288034,2.4868655096853716,0.005864149920970566,5.272753719684935,0.0,255.0,0.08948435447401967,61.0,91.0,158.0,186.0,125.0,medium
35_40.jpg,123.050477124183,2538.54387004878,125.0,142.0,-0.08480698436253441,2.202029078372831,0.005424859220812505,5.320500244733798,0.0,255.0,0.09085978493375291,54.0,83.0,161.0,188.0,134.0,medium
35_5.jpg,127.99603267973856,2408.182289025412,130.0,139.0,-0.17746296991252042,2.4838925180306015,0.005656967320261444,5.307440064494982,0.0,255.0,0.08907896606076797,59.0,93.0,163.0,191.0,132.0,medium
35_6.jpg,126.33822875816995,2146.185227630358,129.0,139.0,-0.20044639321579624,2.525915908720261,0.0060088437780340875,5.253378064192386,0.0,255.0,0.0899000785687845,63.0,93.0,160.0,185.0,122.0,medium
35_7.jpg,123.145477124183,2411.533484260495,123.0,112.0,-0.028042310683244115,2.4182251969800794,0.005598852257678676,5.308851224047008,0.0,255.0,0.09006044529938717,56.0,87.0,159.0,187.0,131.0,medium
35_8.jpg,125.21496732026144,2240.779212741471,127.0,139.0,-0.13458333537338538,2.4881980012125458,0.005843993250459223,5.276600492746236,0.0,255.0,0.09000064377895742,61.0,90.0,159.0,186.0,125.0,medium
35_9.jpg,122.37089869281046,2169.6436995722966,122.0,120.0,-0.04088435807662494,2.5487055976616757,0.005947455529924394,5.264314662018108,0.0,255.0,0.09026133774595053,60.0,89.0,155.0,182.0,122.0,medium
40_1.jpg,128.0811633986928,2528.7357500879257,129.0,139.0,-0.056487072199822665,2.3798979261998054,0.005462828377974284,5.328021048446707,0.0,255.0,0.08867671396960831,58.0,91.0,164.0,193.0,135.0,wet
40_10.jpg,130.72242810457516,2240.9494402855726,132.0,133.0,-0.1297154736958034,2.5621082733376874,0.005877638493741721,5.278864906221203,0.0,255.0,0.08788947282929141,66.0,98.0,164.0,192.0,126.0,wet
40_11.jpg,122.41991176470589,2549.7641014163155,123.0,137.0,-0.04011662345048564,2.4434458593163524,0.0054694258404887,5.332960106128077,0.0,255.0,0.09059422071570926,52.0,85.0,158.0,187.0,135.0,wet
40_12.jpg,123.12733006535947,2261.302552710759,124.0,127.0,-0.10741751140979097,2.534219502667506,0.005851796061343927,5.280615798462464,0.0,255.0,0.09043913093664087,57.0,90.0,156.0,184.0,127.0,wet
40_13.jpg,121.95612091503268,2540.168615522538,122.0,128.0,0.014857435944869971,2.4379902810860385,0.005473646119014056,5.333414953387589,0.0,255.0,0.09056832026399567,52.0,85.0,157.0,189.0,137.0,wet
40_14.jpg,126.29533006535948,2311.379621575964,127.0,126.0,-0.05007921635280262,2.6390282047819698,0.005824009205860997,5.291498719033401,0.0,255.0,0.08923075511780656,61.0,93.0,159.0,187.0,126.0,wet
40_15.jpg,127.1221633986928,2296.7940215700232,129.0,130.0,-0.18734400588173802,2.4450513163134078,0.00576981742065018,5.283758438356998,0.0,255.0,0.08934568440264083,60.0,93.0,162.0,188.0,128.0,wet
40_16.jpg,119.17573529411766,2489.107163052389,118.0,98.0,0.08229863185258514,2.3340534678097087,0.005504352513990345,5.316522630650822,0.0,255.0,0.09114926343346326,53.0,80.0,156.0,185.0,132.0,wet
40_17.jpg,117.49940849673203,2356.8624676125373,119.0,130.0,-0.011670193293155518,2.32718398666892,0.005654142231620318,5.288685600702612,0.0,255.0,0.09284057046924721,50.0,80.0,153.0,181.0,131.0,wet
40_18.jpg,129.76396405228758,2498.172223763007,132.0,133.0,-0.15285034932972005,2.3646521419317006,0.0055211228373702416,5.318868576834304,0.0,255.0,0.08853864304304535,60.0,93.0,167.0,193.0,133.0,wet
40_19.jpg,123.79891503267974,2273.2010669140936,126.0,138.0,-0.13520784535592062,2.5115007428793654,0.005870841407151094,5.278046834276924,0.0,255.0,0.09067100594022749,56.0,90.0,157.0,183.0,127.0,wet
40_2.jpg,122.40730065359477,2288.3166182820255,125.0,147.0,-0.11157553131980406,2.4455656430662853,0.005812968537741893,5.278821992684821,0.0,255.0,0.09133719825371063,55.0,88.0,156.0,182.0,127.0,wet
40_20.jpg,123.49003267973856,2279.715468644331,126.0,129.0,-0.1605547361881361,2.49151371305983,0.005854994959203724,5.277052317203319,0.0,255.0,0.09089779892951266,55.0,90.0,157.0,184.0,129.0,wet
40_21.jpg,125.27590522875816,2331.4290655761883,125.0,145.0,-0.016684341357009188,2.4129160039997593,0.005684785381690804,5.293812865028577,0.0,255.0,0.08924573218675419,60.0,89.0,160.0,188.0,128.0,wet
40_22.jpg,120.91803921568626,2241.330212656368,122.0,138.0,-0.06795349388910496,2.4163025681271266,0.005812259643726772,5.274446333613221,0.0,255.0,0.09134584954264116,56.0,86.0,155.0,182.0,126.0,wet
40_23.jpg,123.77758496732025,2373.96685066569,125.0,136.0,0.004626281060185246,2.6387638050080566,0.005766501943696866,5.3001146978964035,0.0,255.0,0.09032604643603914,57.0,89.0,157.0,185.0,128.0,wet
40_24.jpg,124.8481797385621,2476.086514597886,126.0,135.0,-0.08411717131082685,2.425310730544247,0.0055457444572600345,5.321851081553754,0.0,255.0,0.089908977318111,56.0,88.0,160.0,188.0,132.0,wet
40_25.jpg,122.9838954248366,2386.2008329323353,125.0,128.0,-0.09989226014185452,2.4834912326111476,0.00569887385193729,5.302314076476176,0.0,255.0,0.0909089751050533,54.0,88.0,157.0,185.0,131.0,wet
40_26.jpg,122.19727124183007,2347.1695439223085,123.0,137.0,-0.0668575260778734,2.4110659782060586,0.0056884520697167715,5.294811468121501,0.0,255.0,0.09075928123191143,54.0,87.0,157.0,185.0,131.0,wet
40_27.jpg,121.16755228758169,2321.654795096405,122.0,127.0,-0.056537289218822416,2.494278120918013,0.005755173629800499,5.291604416052432,0.0,255.0,0.091157746514281,54.0,86.0,155.0,182.0,128.0,wet
40_28.jpg,124.13974183006536,2166.8753859528333,127.0,140.0,-0.28681264499756176,2.4709826138764313,0.006006722841642108,5.246974575296714,0.0,255.0,0.09078017646445037,57.0,92.0,158.0,182.0,125.0,wet
40_29.jpg,124.93099346405229,2583.8271980767486,126.0,144.0,-0.06154311108308777,2.282945525756423,0.0053820484642658805,5.333971550628761,0.0,255.0,0.08984937883769974,55.0,86.0,163.0,190.0,135.0,wet
40_3.jpg,125.51634967320261,2175.069297532443,125.0,127.0,-0.09693419145991322,2.5675741836366037,0.005976116856764491,5.263657621626783,0.0,255.0,0.08907476927594175,62.0,94.0,158.0,187.0,125.0,wet
40_30.jpg,125.43821568627452,2412.4488204288655,128.0,142.0,-0.15447289012232807,2.4144780832693957,0.00564671792900167,5.303499507859786,0.0,255.0,0.09019347442952116,56.0,89.0,161.0,188.0,132.0,wet
40_31.jpg,125.7291503267974,2627.6136309456315,126.0,133.0,-0.026564686702319734,2.272531373167691,0.005327138472382414,5.342455299548739,0.0,255.0,0.08927899481660126,55.0,86.0,164.0,193.0,138.0,wet
40_32.jpg,127.77421895424837,2410.803912577032,131.0,128.0,-0.23619098952754106,2.447422471356388,0.005672454440599767,5.301455096289502,0.0,255.0,0.08957615421901231,58.0,93.0,164.0,190.0,132.0,wet
40_33.jpg,119.77158496732025,2429.706303954222,119.0,135.0,0.012325285882553109,2.2729327017657566,0.005538454077491565,5.304209174532531,0.0,255.0,0.09107929996594905,53.0,81.0,156.0,185.0,132.0,wet
40_34.jpg,129.06741503267975,2086.0317432782767,132.0,138.0,-0.17375989714882614,2.7091938753530616,0.00622519706095946,5.240800908261178,0.0,255.0,0.08901646701583836,65.0,98.0,160.0,185.0,120.0,wet
40_35.jpg,121.48709803921568,2466.7480753302184,122.0,118.0,0.01569082011348705,2.4901587898011375,0.005574855119825711,5.32173737766549,0.0,255.0,0.09091797561599381,53.0,85.0,156.0,187.0,134.0,wet
40_36.jpg,128.45438562091502,2295.073576264028,132.0,145.0,-0.24199166827005775,2.5956662068352023,0.005895671280276816,5.280361328236283,0.0,255.0,0.08944128483850995,60.0,96.0,162.0,187.0,127.0,wet
40_37.jpg,126.56855555555556,2261.04852597405,128.0,127.0,-0.10113386303028585,2.5067268858682668,0.005823426203596906,5.281417451751212,0.0,255.0,0.08938798779305623,61.0,93.0,160.0,188.0,127.0,wet
40_38.jpg,126.30623202614379,2403.765941221885,129.0,140.0,-0.13858096739613873,2.4995645616499997,0.005707968430945361,5.305245465699958,0.0,255.0,0.08992285265266739,57.0,92.0,160.0,189.0,132.0,wet
40_39.jpg,129.06890522875818,2163.3033885280774,133.0,147.0,-0.30177258246411454,2.559828340471441,0.0060730546798240005,5.248304589991028,0.0,255.0,0.08935198275859549,62.0,97.0,162.0,186.0,124.0,wet
40_4.jpg,121.5503137254902,2280.7163068300665,123.0,135.0,-0.12319002181607751,2.456516633919948,0.0057981769191336715,5.280010261592281,0.0,255.0,0.0912423519650993,55.0,88.0,156.0,183.0,128.0,wet
40_40.jpg,125.11589542483661,2418.150721013738,125.0,126.0,-0.056360471569517116,2.460391921622024,0.005613063928403605,5.3126032475357565,0.0,255.0,0.0893598679011616,58.0,90.0,159.0,190.0,132.0,wet
40_5.jpg,114.69307843137256,2430.1922262359317,115.0,106.0,0.008393308248753294,2.3404595456921284,0.005553338609081974,5.307991432606696,0.0,255.0,0.09350002146101846,47.0,77.0,151.0,179.0,132.0,wet
40_6.jpg,126.00464052287582,2457.0271134980935,127.0,133.0,-0.051422564414879135,2.397028286674538,0.005539830321671155,5.315873118190563,0.0,255.0,0.08943660822982713,58.0,89.0,162.0,191.0,133.0,wet
40_7.jpg,127.06678431372549,2199.794720283534,128.0,132.0,-0.14898699528194623,2.5977691102970035,0.00598945574351745,5.2665813410490845,0.0,255.0,0.0890374975654647,62.0,95.0,159.0,188.0,126.0,wet
40_8.jpg,122.11261764705883,2393.986580881061,125.0,137.0,-0.16348968881770848,2.402207037769436,0.005666632406339438,5.298166045915836,0.0,255.0,0.09155761380706293,52.0,87.0,158.0,184.0,132.0,wet
40_9.jpg,128.57219934640523,2157.085730175053,128.0,135.0,-0.05501187814639298,2.468042531433689,0.005928670319108033,5.259976634290891,0.0,255.0,0.0879949830250849,66.0,95.0,162.0,189.0,123.0,wet
45_1.jpg,123.13582679738562,2158.101365490558,123.0,120.0,-0.0645856055923363,2.5118730834708427,0.005967679076423595,5.258337506437114,0.0,255.0,0.09006750346232205,59.0,91.0,156.0,183.0,124.0,wet
45_10.jpg,130.12803267973854,2139.4586987012804,133.0,137.0,-0.2797243349798949,2.6562842934751663,0.006139705455166812,5.247845998508493,0.0,255.0,0.08862473640137082,64.0,99.0,163.0,187.0,123.0,wet
45_11.jpg,121.42546732026143,2219.8020231042665,122.0,136.0,-0.07565445425969362,2.517052068524495,0.005891017642786964,5.272733499500582,0.0,255.0,0.09096412195025745,56.0,88.0,154.0,182.0,126.0,wet
45_12.jpg,122.9485294117647,2266.516399998868,126.0,133.0,-0.14609352833668113,2.713544900006382,0.006033445256098084,5.277651272093891,0.0,255.0,0.0912981408889282,56.0,91.0,154.0,182.0,126.0,wet
45_13.jpg,120.92788562091502,2192.27031985912,120.0,112.0,0.02143359454382446,2.5364791002711797,0.005916777863214998,5.268439501842651,0.0,255.0,0.09058664255855227,58.0,87.0,154.0,182.0,124.0,wet
45_14.jpg,123.66782679738563,2305.599342864596,123.0,119.0,-0.08091766552609328,2.48566521155652,0.005759795463283355,5.290593612084527,0.0,255.0,0.08968004689352134,59.0,90.0,158.0,187.0,128.0,wet
45_15.jpg,128.3242026143791,2084.2458572790097,131.0,134.0,-0.2891046092755982,2.681220784524216,0.006209128433508483,5.2364835504291785,0.0,255.0,0.0891922405055108,64.0,97.0,161.0,184.0,120.0,wet
45_16.jpg,122.52225163398694,2076.9144348469886,123.0,131.0,0.005715735327729216,2.697022283554384,0.006221752018454434,5.241110129695252,0.0,255.0,0.09051854955735215,61.0,91.0,152.0,181.0,120.0,wet
45_17.jpg,124.57549673202615,2595.1854612344255,126.0,128.0,-0.08570141509151742,2.4306460285264095,0.005425822012901019,5.342051957216173,0.0,255.0,0.090105778863301,53.0,88.0,161.0,190.0,137.0,wet
45_18.jpg,112.83775490196078,2258.538472990836,114.0,131.0,-0.031973171175477565,2.3875031834047227,0.005797208424110385,5.272813519118058,0.0,255.0,0.0946232780092807,47.0,77.0,147.0,174.0,127.0,wet
45_19.jpg,120.64724836601306,2376.076364474093,120.0,121.0,0.03432601443509452,2.3981766562312044,0.005626242428125936,5.303118309911935,0.0,255.0,0.09079735591540641,56.0,84.0,155.0,186.0,130.0,wet
45_2.jpg,119.38256535947713,2070.9113734652433,121.0,126.0,-0.10762195544923644,2.523584237569129,0.006121979409628775,5.235515162645066,0.0,255.0,0.09214075746217637,55.0,87.0,151.0,177.0,122.0,wet
45_20.jpg,123.4266568627451,2169.414050683489,125.0,133.0,-0.13840705250463373,2.4827334981572666,0.005951114934426927,5.258076954108493,0.0,255.0,0.09058286250053657,59.0,91.0,156.0,184.0,125.0,wet
45_21.jpg,116.62547385620914,2120.3036660585417,115.0,107.0,0.07923070477489286,2.3803226213193676,0.005962393075312916,5.243447515282844,0.0,255.0,0.09195079719877745,56.0,81.0,150.0,177.0,121.0,wet
45_22.jpg,124.18612418300654,2233.492985656201,127.0,140.0,-0.2013897089389988,2.405783944290171,0.00585879960698877,5.265522076539858,0.0,255.0,0.09074627091974852,57.0,90.0,158.0,184.0,127.0,wet
45_23.jpg,125.5231274509804,2211.399068487318,128.0,136.0,-0.1920547224687368,2.5797170812219883,0.00598920212311504,5.264725227833566,0.0,255.0,0.09013246187164209,58.0,93.0,158.0,184.0,126.0,wet
45_24.jpg,123.43391176470588,2298.652262045303,124.0,127.0,-0.08021933867431336,2.502149943709411,0.005771219595027555,5.289288547959978,0.0,255.0,0.09021450075151943,58.0,89.0,157.0,185.0,127.0,wet
45_25.jpg,122.15335947712418,2420.2728791644254,122.0,136.0,-0.0503102830024047,2.405698359963436,0.0055769614464522155,5.3121773752555566,0.0,255.0,0.0904220814267146,55.0,86.0,157.0,186.0,131.0,wet
45_26.jpg,121.36677777777778,2068.803786799612,122.0,126.0,-0.12563941670290366,2.606541077646067,0.006164318851723695,5.238037573231153,0.0,255.0,0.0910081096279188,58.0,90.0,153.0,180.0,122.0,wet
45_27.jpg,119.49177124183007,2000.2818540960734,120.0,117.0,-0.022518125432803217,2.7329790854248284,0.00630461788201119,5.22564257648982,0.0,255.0,0.091675360037416,59.0,89.0,149.0,176.0,117.0,wet
45_28.jpg,120.45107843137254,2095.608857511291,121.0,127.0,-0.08529047233217263,2.483450623596323,0.006040170041437048,5.24369032102319,0.0,255.0,0.0913233832627517,58.0,87.0,153.0,178.0,120.0,wet
45_29.jpg,124.88298692810457,2399.2504599308822,125.0,125.0,-0.0542283369883372,2.460546739557702,0.005631634264599083,5.30848233275096,0.0,255.0,0.08952652528991396,58.0,90.0,160.0,188.0,130.0,wet
45_3.jpg,116.4751862745098,2364.697517681702,115.0,103.0,0.04987498189850026,2.3826011341189353,0.0056334390191806576,5.298007547055862,0.0,255.0,0.09206944103518877,51.0,80.0,151.0,181.0,130.0,wet
45_30.jpg,119.31977450980392,2021.5565785991037,120.0,119.0,-0.10586627121999082,2.6049284816314495,0.006219452432824982,5.228298081748294,0.0,255.0,0.0918075079768379,58.0,88.0,150.0,177.0,119.0,wet
45_31.jpg,120.77558823529412,2235.829297060179,122.0,132.0,-0.05454872320378213,2.4935422658192046,0.005845291234140716,5.273557848030601,0.0,255.0,0.09145358907852114,56.0,87.0,154.0,182.0,126.0,wet
45_32.jpg,129.0595392156863,2313.487038725842,132.0,155.0,-0.23820099336403683,2.4484119493558265,0.0057736201247383465,5.283352368440417,0.0,255.0,0.08902189921719195,62.0,94.0,164.0,190.0,128.0,wet
45_33.jpg,130.26072875816993,2123.1539811288176,132.0,134.0,-0.1932518922295232,2.5321933938926295,0.006024299948737665,5.249001970481189,0.0,255.0,0.08820099044897645,68.0,97.0,164.0,189.0,121.0,wet
45_34.jpg,127.52447385620914,2333.011262856388,127.0,126.0,-0.027738369605076536,2.638808377824666,0.00581670261437909,5.293822044328585,0.0,255.0,0.08837070507965039,62.0,94.0,160.0,191.0,129.0,wet
45_35.jpg,117.25974836601307,2443.027371649859,117.0,113.0,0.054470887271913467,2.488342322716107,0.005589109188773541,5.307713935861635,0.0,255.0,0.09224524167175427,50.0,81.0,152.0,182.0,132.0,wet
45_36.jpg,119.35962745098038,2068.8609190712873,120.0,127.0,-0.047632865198329336,2.6269368992965263,0.006149709235764024,5.240782137578863,0.0,255.0,0.09177685440248369,57.0,88.0,150.0,178.0,121.0,wet
45_37.jpg,127.91396405228758,2305.5010999055185,129.0,147.0,-0.12428104696882877,2.499200567080681,0.005767283929257974,5.290236362151201,0.0,255.0,0.08879262538496419,63.0,93.0,163.0,189.0,126.0,wet
45_38.jpg,127.90933660130719,2316.40768559828,128.0,118.0,-0.07888568223775125,2.505134767116476,0.005754592101328555,5.293871465557956,0.0,255.0,0.08845099818044978,62.0,94.0,162.0,191.0,129.0,wet
45_39.jpg,129.4393071895425,2174.83358139861,133.0,147.0,-0.30155828270665996,2.664716569395746,0.006113867700457092,5.253300412118179,0.0,255.0,0.08909629420206386,63.0,98.0,163.0,186.0,123.0,wet
45_4.jpg,126.85425490196079,2070.255923020247,128.0,127.0,-0.14578085272131372,2.7055246941993514,0.006202748899995732,5.242096600098124,0.0,255.0,0.0891866694398903,65.0,96.0,158.0,185.0,120.0,wet
45_40.jpg,120.5172908496732,2272.186265969307,121.0,127.0,-0.054088984962224744,2.472322823842825,0.0057915077534281675,5.282344445624917,0.0,255.0,0.09127321003025872,55.0,86.0,155.0,182.0,127.0,wet
45_5.jpg,118.28648692810458,2187.2483846771215,119.0,132.0,-0.06829548198099562,2.449783332204064,0.005889928830791577,5.2635340173642176,0.0,255.0,0.09222280919769062,55.0,84.0,151.0,180.0,125.0,wet
45_6.jpg,121.3793725490196,2412.9814637124236,121.0,126.0,0.07477225190904184,2.551998899162923,0.005659038062283737,5.313688031956235,0.0,255.0,0.09062495355673057,56.0,85.0,154.0,187.0,131.0,wet
45_7.jpg,119.21570588235294,2103.4415148770017,118.0,114.0,0.06316447641951047,2.7613800479880988,0.00616123196206588,5.249204490472877,0.0,255.0,0.09111870294942567,58.0,88.0,149.0,179.0,121.0,wet
45_8.jpg,123.16896078431373,2314.10427408613,120.0,106.0,0.17143309879485832,2.7135919643589475,0.00587375543594344,5.29155186609961,0.0,255.0,0.08893840688715492,62.0,89.0,155.0,187.0,125.0,wet
45_9.jpg,112.22849673202614,1910.6175819705,111.0,106.0,0.09773607542151315,2.5845687380439166,0.006367451236703835,5.200927889130161,0.0,255.0,0.09387681435321432,56.0,80.0,142.0,171.0,115.0,wet
50_1.jpg,106.54404575163399,2292.5689110245476,105.0,93.0,0.20019217720252322,2.520563860278787,0.005810627963603736,5.272791588728571,0.0,255.0,0.09617572426192994,42.0,70.0,139.0,169.0,127.0,wet
50_10.jpg,118.75199346405229,2196.966143549054,121.0,133.0,-0.17892912074442432,2.496269675645001,0.005950069097355716,5.260213495863883,0.0,255.0,0.09263002396107008,53.0,86.0,152.0,178.0,125.0,wet
50_11.jpg,115.50095751633987,2294.6649187714947,117.0,126.0,-0.11695559661763096,2.4523982491407184,0.005817970780469057,5.276356180905607,0.0,255.0,0.09364990610455971,47.0,82.0,149.0,177.0,130.0,wet
50_12.jpg,117.31956209150326,2457.772434250101,117.0,115.0,-0.0232877987724186,2.4054864437457755,0.005548093895510276,5.3161904710276175,0.0,255.0,0.09219821173518813,49.0,81.0,153.0,182.0,133.0,wet
50_13.jpg,118.81109477124183,1928.5742379808528,122.0,134.0,-0.28080329530954895,2.621050325487943,0.0064926632064590505,5.191615256587193,0.0,255.0,0.09296573723568437,55.0,89.0,150.0,172.0,117.0,wet
50_14.jpg,106.46862091503267,2232.0946123708677,107.0,107.0,0.02675859766357818,2.400008400242583,0.005837357298474948,5.262015285765515,0.0,255.0,0.09715614181800757,41.0,71.0,140.0,168.0,127.0,wet
50_15.jpg,117.87298039215688,2329.2667595088815,118.0,132.0,0.02822488436321653,2.597153285820654,0.005780972489213544,5.296167617277063,0.0,255.0,0.09215666266399938,52.0,83.0,151.0,180.0,128.0,wet
50_16.jpg,109.63325816993463,2189.735214666505,111.0,115.0,-0.04684773224203908,2.4147443544594216,0.005892353560596351,5.256700045097105,0.0,255.0,0.09609906636654161,44.0,75.0,144.0,169.0,125.0,wet
50_17.jpg,116.49957189542484,2312.344955052611,118.0,132.0,-0.0832778727724624,2.3763679181992425,0.005716920137553931,5.285074861085092,0.0,255.0,0.09324309363944382,50.0,80.0,151.0,179.0,129.0,wet
50_18.jpg,110.82494117647059,2255.0575214152373,111.0,115.0,0.06849137362911271,2.56303120955566,0.005856931265752489,5.275020611681953,0.0,255.0,0.09506572835510405,46.0,76.0,143.0,172.0,126.0,wet
50_19.jpg,120.1343954248366,2285.963214199555,121.0,124.0,-0.12033973381258843,2.3207779043525614,0.00571878489042676,5.276409048449853,0.0,255.0,0.09156411834512682,54.0,85.0,156.0,183.0,129.0,wet
50_2.jpg,113.47211437908496,1984.9177808561728,113.0,106.0,-0.013342130721807958,2.5037825225282777,0.006207322226494085,5.217074871712678,0.0,255.0,0.09368068860708553,53.0,81.0,145.0,172.0,119.0,wet
50_20.jpg,123.25693790849674,2052.3050034703115,127.0,140.0,-0.37291537285790827,2.5950782926217726,0.006269567110940241,5.214953902588281,0.0,255.0,0.09143037187854545,58.0,93.0,156.0,178.0,120.0,wet
50_21.jpg,132.06182352941175,2071.7654336704804,134.0,143.0,-0.20209079455301981,2.5460351470782463,0.006107667990943653,5.2372449138998585,0.0,255.0,0.08765468015979763,70.0,100.0,165.0,190.0,120.0,wet
50_22.jpg,104.93261437908497,2336.7427411144204,105.0,104.0,0.092789258367399,2.4044108899697516,0.005704707505660226,5.281211835703307,0.0,255.0,0.09765267764072794,38.0,68.0,139.0,168.0,130.0,wet
50_23.jpg,113.35069607843137,2384.067356580045,113.0,105.0,0.02096550884144738,2.4141638647707855,0.0056392359348968295,5.299013870082261,0.0,255.0,0.0937810369102566,46.0,77.0,148.0,176.0,130.0,wet
50_24.jpg,111.44874183006536,2442.8762368699663,111.0,114.0,0.08762066520263183,2.480641736709367,0.00561915758896151,5.309865285102164,0.0,255.0,0.09453362666863728,44.0,75.0,145.0,178.0,134.0,wet
50_25.jpg,107.49893137254902,2149.946980215841,108.0,118.0,-0.03595368938470545,2.3835239227257143,0.005925266500064078,5.246896367212164,0.0,255.0,0.09667356421802578,43.0,74.0,141.0,168.0,125.0,wet
50_26.jpg,117.83794444444445,2036.789588915443,119.0,123.0,-0.1419664301290023,2.566268431634147,0.0061842838224614475,5.228577934948063,0.0,255.0,0.09257384933236598,55.0,87.0,150.0,175.0,120.0,wet
50_27.jpg,113.93811437908496,2453.386750855916,114.0,126.0,0.05038143894886495,2.530166997316065,0.005599257208765859,5.313501650245292,0.0,255.0,0.09370945192674918,46.0,77.0,148.0,177.0,131.0,wet
50_28.jpg,115.60099019607844,2000.169424252115,116.0,117.0,-0.08653832934937128,2.533548628811082,0.006200307723525142,5.220533575189047,0.0,255.0,0.09316814324860663,54.0,84.0,147.0,173.0,119.0,wet
50_29.jpg,117.43706209150326,2279.063614843271,121.0,130.0,-0.1918334444673609,2.419287260978933,0.005850471976590201,5.271084074296215,0.0,255.0,0.09366719333824228,49.0,83.0,152.0,177.0,128.0,wet
50_3.jpg,106.08461764705882,2193.59485397664,106.0,107.0,0.11345656455501078,2.5829182097223913,0.0059536098295527385,5.260111601748447,0.0,255.0,0.09705111230395659,43.0,72.0,137.0,167.0,124.0,wet
50_30.jpg,111.0531339869281,2233.946814955847,112.0,128.0,-0.008876379827432654,2.4426147301653858,0.005876398372420863,5.2650329622058365,0.0,255.0,0.0952967724936432,45.0,76.0,144.0,171.0,126.0,wet
50_31.jpg,111.60092483660131,2049.986558325272,113.0,127.0,-0.08531523271761794,2.4938284330892686,0.006141895253962156,5.2276484298271,0.0,255.0,0.09525141326829152,48.0,79.0,143.0,169.0,121.0,wet
50_32.jpg,110.52460130718956,2314.778901288546,109.0,106.0,0.15552956289564737,2.5766219348007273,0.005773748793199199,5.289082284282839,0.0,255.0,0.0944613813163008,47.0,75.0,143.0,174.0,127.0,wet
50_33.jpg,112.20520261437909,2422.5388820585576,113.0,112.0,-0.00652804382292673,2.399281928470987,0.005600572386688879,5.303007471677997,0.0,255.0,0.09473843961823922,43.0,76.0,148.0,175.0,132.0,wet
50_34.jpg,100.64046405228757,2002.6376215022754,98.0,98.0,0.1761285186100913,2.549799859169135,0.006211458648383102,5.215450278591203,0.0,255.0,0.09836495717536041,42.0,68.0,131.0,161.0,119.0,wet
50_35.jpg,118.94108496732026,2099.936777489002,121.0,119.0,-0.2039274733859868,2.6052703357706686,0.006161696975522239,5.237352302436269,0.0,255.0,0.09248276155394339,54.0,88.0,151.0,176.0,122.0,wet
50_36.jpg,114.76520261437908,2158.4258769764087,117.0,118.0,-0.11255864107300587,2.558686573185934,0.006044068841044045,5.253203351520079,0.0,255.0,0.09425029172594113,49.0,82.0,147.0,173.0,124.0,wet
50_37.jpg,114.64200653594771,2146.4832576571657,114.0,94.0,-0.025463767384691527,2.452113396484095,0.005951911807424497,5.2527468039607905,0.0,255.0,0.09313408387250578,53.0,81.0,148.0,176.0,123.0,wet
50_38.jpg,120.56475490196078,2074.0110295134027,121.0,125.0,-0.12186956863893979,2.6545082703516716,0.006176842795505999,5.24040325602809,0.0,255.0,0.091237277502408,58.0,90.0,152.0,179.0,121.0,wet
50_39.jpg,114.6271274509804,2192.932021673939,117.0,126.0,-0.1413899207457632,2.5579994158238595,0.0059964951514374825,5.257936313209806,0.0,255.0,0.09436382178396337,48.0,82.0,148.0,173.0,125.0,wet
50_4.jpg,113.72047058823529,2312.5213682653834,116.0,119.0,-0.12897414226595552,2.349556537580304,0.005770011555384682,5.275187163798597,0.0,255.0,0.09470880272089931,44.0,78.0,148.0,175.0,131.0,wet
50_40.jpg,117.31878758169935,2020.5942584763445,119.0,128.0,-0.1537612764046237,2.5803019101194344,0.006208015015592291,5.2252302097670364,0.0,255.0,0.09298350536600135,56.0,86.0,149.0,175.0,119.0,wet
50_5.jpg,107.98764379084966,2252.430920702525,110.0,126.0,-0.014146226734578672,2.425762634420796,0.005844424131744202,5.264317912516001,0.0,255.0,0.09712304216966557,41.0,72.0,142.0,168.0,127.0,wet
50_6.jpg,120.3227091503268,2593.034166662887,122.0,127.0,-0.12751770495935724,2.423898205695362,0.005453047973001838,5.335879947093188,0.0,255.0,0.09179780853660459,47.900000000001455,85.0,156.0,186.0,138.09999999999854,wet
50_7.jpg,104.86897385620915,2343.765165526064,104.0,98.0,0.1577213219660001,2.480323188457095,0.00572946932803622,5.285722914941822,0.0,255.0,0.0972455308008314,39.0,68.0,138.0,170.0,131.0,wet
50_8.jpg,115.88682352941177,2309.8182010253418,117.0,114.0,-0.09210434541957584,2.4486029855771676,0.005793305309923532,5.280262806327867,0.0,255.0,0.0933380819058064,48.0,82.0,149.0,179.0,131.0,wet
50_9.jpg,117.53999999999999,2396.8840402614387,117.0,127.0,-0.01913930809158536,2.6391576661032876,0.005751702977487281,5.306982374206078,0.0,255.0,0.09202530054783027,51.0,84.0,150.0,181.0,130.0,wet
