Image,FPS_RadialSum,FPS_AngularSum,Label
10_1.jpg,179950.82926367965,29713.367471740374,dry
10_10.jpg,175291.52561367786,30317.423979236595,dry
10_11.jpg,176352.03883390847,30501.803895068402,dry
10_12.jpg,169726.8797800709,31443.481668221048,dry
10_13.jpg,177179.32604320842,31013.651732195707,dry
10_14.jpg,176231.55881446868,31371.33950787951,dry
10_15.jpg,174045.2281994229,32325.973492194884,dry
10_16.jpg,177491.4350447084,33516.51770926252,dry
10_17.jpg,174773.05394978655,33572.51935908186,dry
10_18.jpg,177294.43925333783,32279.205841056886,dry
10_19.jpg,174280.31113808005,33457.551465330616,dry
10_2.jpg,178705.6774459191,32058.862432054688,dry
10_20.jpg,173819.9784557122,32685.940114444646,dry
10_21.jpg,169837.39239222684,30053.950014468322,dry
10_22.jpg,176882.56147928792,32890.148060243715,dry
10_23.jpg,173736.8207707907,31018.244231047534,dry
10_24.jpg,170492.2934000213,30801.77983373067,dry
10_25.jpg,176343.5056763001,31992.2698777965,dry
10_26.jpg,179781.6505688041,36159.89948446319,dry
10_27.jpg,169990.55308693965,34715.0928926792,dry
10_28.jpg,181034.782745316,32753.654295982622,dry
10_29.jpg,175439.99871797013,33267.23818736779,dry
10_3.jpg,172619.94899998727,29310.031456164594,dry
10_30.jpg,169407.31126766073,30028.86705291538,dry
10_31.jpg,169701.37457260105,31636.458795397775,dry
10_32.jpg,181056.84707965085,31987.20622937386,dry
10_33.jpg,175539.75255743443,31935.82379184971,dry
10_34.jpg,172866.44212600737,34065.26634965266,dry
10_35.jpg,174721.83864700134,33293.382503043315,dry
10_36.jpg,169068.32922035464,30157.514274637066,dry
10_37.jpg,174737.67504149268,28663.526866725704,dry
10_38.jpg,169797.2469206879,32126.601965803937,dry
10_39.jpg,169799.81473420092,29685.41514185267,dry
10_4.jpg,170149.75273515555,31707.693308468355,dry
10_40.jpg,174569.17911793682,35378.06885652692,dry
10_5.jpg,174473.07477726034,32046.771562818063,dry
10_6.jpg,171045.36102439623,35483.21909336202,dry
10_7.jpg,171068.15535764943,31974.08391316877,dry
10_8.jpg,180075.83054106848,31833.401940282867,dry
10_9.jpg,176475.82497964308,33095.397164474714,dry
12_1.jpg,172092.45521669002,30452.336389906315,dry
12_10.jpg,178971.42374382197,33901.481142806275,dry
12_11.jpg,171543.72967118883,33609.29921638568,dry
12_12.jpg,169666.0187141642,32984.91208421129,dry
12_13.jpg,176793.00834272176,32195.708153612533,dry
12_14.jpg,172038.2549590404,35152.53612298518,dry
12_15.jpg,175225.044830066,31684.59585634342,dry
12_16.jpg,167270.64617703558,31162.68288988638,dry
12_17.jpg,172096.438575004,31142.463578323765,dry
12_18.jpg,172132.61950189975,33619.91150902438,dry
12_19.jpg,174029.0647673451,36206.29260533772,dry
12_2.jpg,170736.09404082544,33658.78920656773,dry
12_20.jpg,173377.41862497976,29372.710790947473,dry
12_21.jpg,178064.92581681348,32069.324291038087,dry
12_22.jpg,169610.23619603182,31288.3666342699,dry
12_23.jpg,168395.30400293838,33995.54254496435,dry
12_24.jpg,172485.96582685242,31681.05236265143,dry
12_25.jpg,177520.49026588243,33704.580357965344,dry
12_26.jpg,177461.46295636613,35163.89694149349,dry
12_27.jpg,173639.1058555766,32590.98200260046,dry
12_28.jpg,176558.6841768679,36800.62841232604,dry
12_29.jpg,180596.4859474605,34196.29535177011,dry
12_3.jpg,169652.2618231836,30338.473356547227,dry
12_30.jpg,172314.6412636322,32312.79528284117,dry
12_31.jpg,177203.3795350475,33033.81671444365,dry
12_32.jpg,172423.30563001405,30247.1589796596,dry
12_33.jpg,177048.11262282007,32969.80556135632,dry
12_34.jpg,174982.7616716135,34240.64900796879,dry
12_35.jpg,177318.52872319112,31910.643860524186,dry
12_36.jpg,172527.8165974058,30247.132571935796,dry
12_37.jpg,179057.45744516075,32380.87786799258,dry
12_38.jpg,173905.87380647633,32154.906317919784,dry
12_39.jpg,171835.05584687353,31908.04863722078,dry
12_4.jpg,173102.04548895732,34237.98307318033,dry
12_40.jpg,178610.9111312689,34192.16869037394,dry
12_5.jpg,174756.99231731496,33130.54452538687,dry
12_6.jpg,173751.73330434188,31910.61837063772,dry
12_7.jpg,172580.60037359624,33680.22214891474,dry
12_8.jpg,175941.2443530617,36069.53945934176,dry
12_9.jpg,174103.4104891388,29416.16651365284,dry
14_1.jpg,72918.65607866226,11640.915182002802,dry
14_10.jpg,74118.93891827401,12317.320094518667,dry
14_11.jpg,73112.97841074741,12227.25080839754,dry
14_12.jpg,74429.92685969104,12957.167752083207,dry
14_13.jpg,74443.23800805243,14090.726171700071,dry
14_14.jpg,76948.4083184054,12346.33361041177,dry
14_15.jpg,76156.42640535034,14507.160243953673,dry
14_16.jpg,76715.74641604714,11857.223638215932,dry
14_17.jpg,77036.7822043538,12372.200125482937,dry
14_18.jpg,75167.5519852843,12748.463538419704,dry
14_19.jpg,73452.78529410774,13956.236517294577,dry
14_2.jpg,74145.32378266795,11859.51775751583,dry
14_20.jpg,74354.71328196855,12593.978852230008,dry
14_21.jpg,75096.92578138185,11976.203058052595,dry
14_22.jpg,73448.68146355232,12072.236681457376,dry
14_23.jpg,72670.68004215718,15799.279040842866,dry
14_24.jpg,72660.41792730069,12853.353908829593,dry
14_25.jpg,73483.33318429964,13048.1085521044,dry
14_26.jpg,75205.1408477381,12723.68853496468,dry
14_27.jpg,72553.8324279979,13762.426467416335,dry
14_28.jpg,74238.60562770166,13800.304254692479,dry
14_29.jpg,73394.67909186265,14382.774830338141,dry
14_3.jpg,73428.74756434947,13188.964402010493,dry
14_30.jpg,72827.43396598136,12018.717791983192,dry
14_31.jpg,72891.33137695455,11907.604182350942,dry
14_32.jpg,74624.60470924899,13701.922572185505,dry
14_33.jpg,74241.70123668425,12742.216207085994,dry
14_34.jpg,75203.4261949921,13311.449495719215,dry
14_35.jpg,75202.3431937269,14161.933268904944,dry
14_36.jpg,75134.8314848962,12520.250230351829,dry
14_37.jpg,74427.65449566752,13098.3318267776,dry
14_38.jpg,75892.16408677623,13157.229203116185,dry
14_39.jpg,74736.879454178,12895.292044910873,dry
14_4.jpg,74728.97619347252,12804.806255554657,dry
14_40.jpg,76317.68415522217,11372.454084779443,dry
14_5.jpg,73980.62560433334,12647.569006252414,dry
14_6.jpg,73759.42438960836,13134.221878070883,dry
14_7.jpg,73454.23655525397,11325.527735726417,dry
14_8.jpg,73355.95260479888,12784.765553042027,dry
14_9.jpg,72482.41197357811,13100.148183131365,dry
1_1.jpg,174360.3799496682,31441.32895516232,dry
1_10.jpg,179377.48284397123,33415.230015246816,dry
1_11.jpg,172994.87810231818,32761.82436667846,dry
1_12.jpg,179235.89082649257,36831.84884820691,dry
1_13.jpg,173119.97226423878,30801.5657451116,dry
1_14.jpg,173641.45037365178,34030.13259277144,dry
1_15.jpg,174262.97512583097,31641.878750712873,dry
1_16.jpg,177649.87043192436,33025.54282436102,dry
1_17.jpg,170986.5086816111,33067.382950478255,dry
1_18.jpg,168461.7123146276,32892.77048509386,dry
1_19.jpg,171526.99776942524,29549.3074814426,dry
1_2.jpg,174230.19951311327,34341.219869803295,dry
1_20.jpg,175694.68351860854,34260.90305127806,dry
1_21.jpg,173322.79337679842,30532.26406902102,dry
1_22.jpg,171028.92521242145,32532.065297127127,dry
1_23.jpg,170546.61521288246,31870.45340354109,dry
1_24.jpg,174551.04722079242,35840.00692727385,dry
1_25.jpg,175734.18225037048,32003.250792525112,dry
1_26.jpg,174161.09963444038,31820.024784022444,dry
1_27.jpg,173041.11467508468,36834.13618539211,dry
1_28.jpg,168561.78449384554,34652.4053460316,dry
1_29.jpg,178490.73702635104,35440.685623736084,dry
1_3.jpg,172943.30317090024,33262.22346603956,dry
1_30.jpg,171677.18079995157,33038.91778698921,dry
1_31.jpg,173408.10771085345,33635.566860623796,dry
1_32.jpg,171750.89473502076,33420.19868474789,dry
1_33.jpg,171513.99255591095,32508.726500165012,dry
1_34.jpg,169902.37539221015,31288.89367757618,dry
1_35.jpg,180191.20683009306,29687.08689599001,dry
1_36.jpg,173530.8471173129,32291.194542369412,dry
1_37.jpg,173166.60780665008,33454.887191792404,dry
1_38.jpg,175417.6258302826,32465.985918621787,dry
1_39.jpg,175275.0321648139,34229.23704898154,dry
1_4.jpg,175574.72350982408,33904.072230400256,dry
1_40.jpg,171740.50324568743,35328.58327832288,dry
1_5.jpg,175696.53787432346,34186.55528034087,dry
1_6.jpg,179903.51005204904,33833.58635410681,dry
1_7.jpg,174894.89677582763,31924.131957748526,dry
1_8.jpg,176455.7659982104,35563.9946359246,dry
1_9.jpg,180356.08940142227,32534.352575871417,dry
3_1.jpg,174070.10142042124,33705.06599730453,dry
3_10.jpg,176511.67510627455,32767.563762567865,dry
3_11.jpg,175089.78235762203,32878.60136463014,dry
3_12.jpg,170454.98509991076,30595.390274103243,dry
3_13.jpg,179108.39253725696,32092.075997485656,dry
3_14.jpg,172907.18225832487,33372.764766882574,dry
3_15.jpg,168250.18456980595,33355.72671959285,dry
3_16.jpg,176277.35716543754,32006.372484351254,dry
3_17.jpg,172600.02501918425,31565.286040798164,dry
3_18.jpg,178702.92039691407,35913.94385102058,dry
3_19.jpg,179914.1825974723,34670.26831156081,dry
3_2.jpg,176261.42648294702,36552.38531175513,dry
3_20.jpg,176410.30842967227,32319.47926329309,dry
3_21.jpg,173363.48742419053,31636.21973472342,dry
3_22.jpg,174708.99318993566,34068.73361344336,dry
3_23.jpg,169920.7873084633,34044.94412850225,dry
3_24.jpg,172860.50884936168,36159.34641760714,dry
3_25.jpg,170587.78992602532,34338.33569858121,dry
3_26.jpg,173628.28902524553,33974.24840937218,dry
3_27.jpg,171115.99227544563,34672.22196456853,dry
3_28.jpg,170709.10926629882,32714.23413120969,dry
3_29.jpg,171653.506327868,35572.49797125496,dry
3_3.jpg,173045.29585132463,34712.84253190296,dry
3_30.jpg,167150.64246724668,34643.746680785975,dry
3_31.jpg,171269.37524131648,33733.53575634259,dry
3_32.jpg,180791.1572859257,35539.808091800034,dry
3_33.jpg,167140.87561345767,34652.30150359941,dry
3_34.jpg,171374.05562390652,36261.07710303037,dry
3_35.jpg,173052.71430874435,34567.357916421315,dry
3_36.jpg,173259.56587530958,34336.160092204096,dry
3_37.jpg,173838.14761690836,34154.652651321274,dry
3_38.jpg,172963.23021584176,35449.130214170764,dry
3_39.jpg,171370.3772730973,34068.673228826076,dry
3_4.jpg,173078.82233772142,31926.37392511069,dry
3_40.jpg,170175.64448283144,34841.23164247452,dry
3_5.jpg,175689.7728682553,31501.018703497295,dry
3_6.jpg,176839.22306749847,33006.2903908875,dry
3_7.jpg,175396.13198526314,33290.711699922336,dry
3_8.jpg,180664.67822396726,34909.88568599972,dry
3_9.jpg,175554.71860200915,31987.812759397082,dry
a14_1(1).jpg,74728.80322398983,14010.54930529284,dry
a14_1(10).jpg,73340.27748979552,14089.276021100233,dry
a14_1(11).jpg,73066.10695276943,13143.586181781466,dry
a14_1(12).jpg,73703.087850209,12864.235004323355,dry
a14_1(13).jpg,72298.21983041549,12959.748748400436,dry
a14_1(14).jpg,74215.68492530179,15202.986794705836,dry
a14_1(15).jpg,72819.33008842559,13437.65230387331,dry
a14_1(16).jpg,73867.16178078981,13454.48918123303,dry
a14_1(17).jpg,75606.87342848147,13760.393934995103,dry
a14_1(18).jpg,74474.92897092534,12986.223577482986,dry
a14_1(19).jpg,71973.97811592076,13528.965157887478,dry
a14_1(2).jpg,74497.8265423241,14298.658306849691,dry
a14_1(20).jpg,73438.16365893457,12425.659649231571,dry
a14_1(21).jpg,75504.13210548686,12789.356834277443,dry
a14_1(22).jpg,73369.3050815672,14016.752686621701,dry
a14_1(23).jpg,72895.52145051362,12600.128167279689,dry
a14_1(24).jpg,73829.49505551344,14257.637041073813,dry
a14_1(25).jpg,72505.38098067704,11434.435749569879,dry
a14_1(26).jpg,76131.00008632598,12478.693618265563,dry
a14_1(27).jpg,76099.4761267092,12335.058563137902,dry
a14_1(28).jpg,74855.28639541626,12694.974164728537,dry
a14_1(29).jpg,74833.82181426501,14357.049848484716,dry
a14_1(3).jpg,74869.98221978302,14214.438184282615,dry
a14_1(30).jpg,72920.68994819961,13205.418983784333,dry
a14_1(31).jpg,73248.63553722634,13364.953679111337,dry
a14_1(32).jpg,74664.72674826949,12049.546508306166,dry
a14_1(33).jpg,72749.72929309886,12886.612077195658,dry
a14_1(34).jpg,75496.44566689327,12533.310187389974,dry
a14_1(35).jpg,74505.69208371907,12774.709359218316,dry
a14_1(36).jpg,73534.78069012082,12926.880533963908,dry
a14_1(37).jpg,74988.2136771423,14161.057807975834,dry
a14_1(38).jpg,74107.87480897077,12555.722913385289,dry
a14_1(39).jpg,72859.78101958784,11624.560939136942,dry
a14_1(4).jpg,76706.44516765822,14258.552398451078,dry
a14_1(40).jpg,74410.88006819523,12915.49724082307,dry
a14_1(5).jpg,75072.0534380138,11820.290325396692,dry
a14_1(6).jpg,71476.78315873652,13793.625398500812,dry
a14_1(7).jpg,76555.10991853217,13437.191572592157,dry
a14_1(8).jpg,73391.38879269572,12929.78371138222,dry
a14_1(9).jpg,75435.63719199633,13595.037317107359,dry
19_1.jpg,72496.76645717409,12246.819071616786,medium
19_10.jpg,76442.84660824631,13284.434603857504,medium
19_11.jpg,72257.1881887842,13906.912195087556,medium
19_12.jpg,73066.75365997235,13321.056906169113,medium
19_13.jpg,73975.0222751966,13621.469159389831,medium
19_14.jpg,74322.86502981714,13004.147319405132,medium
19_15.jpg,75720.88176029698,14036.608138238324,medium
19_16.jpg,73419.00600445847,13624.200982741153,medium
19_17.jpg,74254.76163887994,13749.663742691431,medium
19_18.jpg,72792.88581947329,14564.356167562815,medium
19_19.jpg,74686.70954219643,13367.736200417718,medium
19_2.jpg,76352.18123999743,13867.58023936434,medium
19_20.jpg,73736.59708801181,13814.172644252292,medium
19_21.jpg,76187.00163774658,11899.699306823366,medium
19_22.jpg,73296.78631159844,12289.30274292613,medium
19_23.jpg,72209.22730521963,13175.288627459931,medium
19_24.jpg,73853.54335359583,14006.275329495169,medium
19_25.jpg,74895.73855855384,14029.39096468553,medium
19_26.jpg,72142.25447883768,15451.83308172259,medium
19_27.jpg,75172.78339018661,13846.531247294091,medium
19_28.jpg,76879.59459499667,14078.239085923235,medium
19_29.jpg,74323.69018697453,12746.260532742208,medium
19_3.jpg,75275.95034569474,13415.518130787943,medium
19_30.jpg,73212.03627294519,12337.162263335722,medium
19_31.jpg,73450.51829746364,13132.837765740122,medium
19_32.jpg,71889.01831746743,13833.782154295332,medium
19_33.jpg,72262.45674830338,12544.378281707839,medium
19_34.jpg,75022.5449372748,14329.549024822507,medium
19_35.jpg,76686.34875934705,12971.137266177582,medium
19_36.jpg,76373.19726518508,13144.189085929442,medium
19_37.jpg,73259.98365822459,14049.62236773792,medium
19_38.jpg,74668.0359839707,13231.33658986782,medium
19_39.jpg,75841.84946848551,13152.448250896105,medium
19_4.jpg,73820.97901790717,14120.969892747275,medium
19_40.jpg,74766.43458389545,14285.174969293632,medium
19_5.jpg,76015.87477766431,13284.731197663228,medium
19_6.jpg,75000.06038538125,14599.941079661361,medium
19_7.jpg,71720.876164118,13657.802290243295,medium
19_8.jpg,74309.70994961027,13671.08553738205,medium
19_9.jpg,72685.4291691437,11667.496304022343,medium
23_1.jpg,75573.1035711601,13011.374058075751,medium
23_10.jpg,74835.54826389327,15222.181981452539,medium
23_11.jpg,73540.07370716606,13804.340539007106,medium
23_12.jpg,75252.1460424247,14447.622196129138,medium
23_13.jpg,73576.13857243818,14095.329988754254,medium
23_14.jpg,76653.85204133172,13631.280427052241,medium
23_15.jpg,73611.60797431029,13999.12938249048,medium
23_16.jpg,73131.57660025496,14261.002192795451,medium
23_17.jpg,74285.71518930445,13737.757524970946,medium
23_18.jpg,74371.22461275625,14456.464675009296,medium
23_19.jpg,75784.03978181878,14830.69534056956,medium
23_2.jpg,75944.04976980244,14200.939075110491,medium
23_20.jpg,75723.94762841568,14830.734639423632,medium
23_21.jpg,73549.40626843406,12893.262154181863,medium
23_22.jpg,72182.18890009761,14174.648158780108,medium
23_23.jpg,74635.68026753358,13568.016955801488,medium
23_24.jpg,72857.11512781799,14616.812265511531,medium
23_25.jpg,73226.85245312024,14448.67428597113,medium
23_26.jpg,74197.45215403008,15100.506296747968,medium
23_27.jpg,74402.98324347452,14120.534621046281,medium
23_28.jpg,75999.50715376383,14098.738206093421,medium
23_29.jpg,76006.23400233503,15165.239056727998,medium
23_3.jpg,73323.0187356149,14674.622365562767,medium
23_30.jpg,75191.55586034911,14864.679369846272,medium
23_31.jpg,72215.1237633073,14004.358955577605,medium
23_32.jpg,76130.45483651593,13170.621897997073,medium
23_33.jpg,73925.67791147291,13606.764754089232,medium
23_34.jpg,76331.2579420504,15245.285623759235,medium
23_35.jpg,73442.23393238503,14429.926282115639,medium
23_36.jpg,72068.91017978615,14448.512795512323,medium
23_37.jpg,75967.72898143028,13537.296947276807,medium
23_38.jpg,72833.55897281744,14279.605552631698,medium
23_39.jpg,73108.23511371399,15373.062762087564,medium
23_4.jpg,74738.23150599112,14848.780602158604,medium
23_40.jpg,73228.9706635134,13415.926057131377,medium
23_5.jpg,73778.56412274616,14244.284243023294,medium
23_6.jpg,76421.12741940215,13663.192002016158,medium
23_7.jpg,75371.58589505826,15101.568446743097,medium
23_8.jpg,73158.8093122791,13779.544068896716,medium
23_9.jpg,75208.03034671563,15680.355990710692,medium
25_1.jpg,74732.83332301347,14112.56042982338,medium
25_10.jpg,75437.43309912803,14280.995176446477,medium
25_11.jpg,74393.26654809098,15000.835986766704,medium
25_12.jpg,75604.16276392706,14018.366040967174,medium
25_13.jpg,75219.41942278907,14381.240768101485,medium
25_14.jpg,73711.64527734491,14275.506152052601,medium
25_15.jpg,73143.86521236476,13358.020923470474,medium
25_16.jpg,74546.44905478675,15008.048968518804,medium
25_17.jpg,75709.07238334286,16275.98221976557,medium
25_18.jpg,72544.3623040757,14833.999533395261,medium
25_19.jpg,75290.15603964134,15197.279803149258,medium
25_2.jpg,72617.68028880346,14372.897742637442,medium
25_20.jpg,73418.77068891624,15904.250005606467,medium
25_21.jpg,76741.05142288715,13394.045023706742,medium
25_22.jpg,75854.9598276375,13242.434876735597,medium
25_23.jpg,73943.3209869968,14460.464314936145,medium
25_24.jpg,73663.93765035589,14273.20947094445,medium
25_25.jpg,74677.12724029025,13940.161003957235,medium
25_26.jpg,75381.71851559762,14532.07611185798,medium
25_27.jpg,73993.4117135438,14033.307413332159,medium
25_28.jpg,73664.16986039159,15190.927329920207,medium
25_29.jpg,72704.87934543006,15764.21223007327,medium
25_3.jpg,74762.4065695175,15515.209425317415,medium
25_30.jpg,73120.11212836583,14815.179677990605,medium
25_31.jpg,73033.75802077477,14347.88168286234,medium
25_32.jpg,74165.93314009781,15112.360109560706,medium
25_33.jpg,75478.78756406084,15573.06993485335,medium
25_34.jpg,73390.39605427776,13936.035634237951,medium
25_35.jpg,73775.2517276133,12813.480687761035,medium
25_36.jpg,75172.04180483121,15084.591249313127,medium
25_37.jpg,74996.85270626639,14613.340282156005,medium
25_38.jpg,74402.9156349708,13809.314120949008,medium
25_39.jpg,76347.660331188,15057.843445796778,medium
25_4.jpg,72689.36580248087,15022.360871831754,medium
25_40.jpg,73948.89118363411,15165.747516965108,medium
25_5.jpg,72700.39142846181,15251.198909792032,medium
25_6.jpg,73130.49621395417,15255.006134944277,medium
25_7.jpg,76894.4853126747,13209.297815088747,medium
25_8.jpg,74146.27216756389,13831.120498188739,medium
25_9.jpg,76535.15401453194,13854.71201531796,medium
29_1.jpg,169126.74615048818,34166.63258093964,medium
29_10.jpg,168324.76759656583,34908.13760875079,medium
29_11.jpg,170491.66826127085,35106.82735150346,medium
29_12.jpg,172719.14596537573,34884.6897690541,medium
29_13.jpg,173313.70019538698,37121.903494314975,medium
29_14.jpg,175805.3992040998,40171.771840871814,medium
29_15.jpg,176886.48169393052,38478.23688084708,medium
29_16.jpg,172197.0371496893,33469.76526448724,medium
29_17.jpg,171248.664733485,33740.43978857723,medium
29_18.jpg,171555.62082871833,39641.19146654271,medium
29_19.jpg,169608.74888343143,37324.50413935136,medium
29_2.jpg,174642.85149567033,37805.31726825467,medium
29_20.jpg,173631.39974694033,33886.04869136622,medium
29_21.jpg,170309.4336191544,40396.83263614202,medium
29_22.jpg,175019.91471528617,35785.00350017664,medium
29_23.jpg,172211.8256549517,34856.58483221987,medium
29_24.jpg,179719.78985308603,35178.852664879276,medium
29_25.jpg,171830.10859980003,34762.685177685875,medium
29_26.jpg,167937.64058884926,36926.92989999237,medium
29_27.jpg,173807.86521534738,34645.758139275655,medium
29_28.jpg,175309.73273667297,35952.05873052369,medium
29_29.jpg,173033.22871059467,33998.65868299571,medium
29_3.jpg,177980.96265395326,37679.83239564651,medium
29_30.jpg,177512.99105754448,40420.06628663296,medium
29_31.jpg,173397.80283916785,35599.0298500665,medium
29_32.jpg,169884.59423505547,33867.122950944366,medium
29_33.jpg,168073.92341792883,34854.46242893972,medium
29_34.jpg,172260.66489610635,35109.982838950804,medium
29_35.jpg,171282.22015567764,33874.538206070145,medium
29_36.jpg,171895.67111277443,35323.76491262252,medium
29_37.jpg,167231.75718571473,35617.58863144915,medium
29_38.jpg,169852.61353647313,33995.58006888906,medium
29_39.jpg,167371.23377088623,32774.55433886154,medium
29_4.jpg,172708.64923838133,36571.59204552856,medium
29_40.jpg,170482.8627107693,34932.89389328055,medium
29_5.jpg,178693.46712399373,36934.385164666186,medium
29_6.jpg,173570.70946437342,36674.55814785631,medium
29_7.jpg,171961.41865193515,35126.78050376334,medium
29_8.jpg,170365.3453402263,39520.251573861424,medium
29_9.jpg,169624.86400494308,35220.64410700118,medium
31_1.jpg,170910.81597783754,36345.75004212416,medium
31_10.jpg,173348.1226061713,33303.50187650535,medium
31_11.jpg,176100.6074321979,37896.97139309762,medium
31_12.jpg,177873.24567053153,38797.767097982854,medium
31_13.jpg,173321.83050124085,40140.71749726051,medium
31_14.jpg,178783.8008902699,39297.04753126036,medium
31_15.jpg,174072.98684864087,34342.72836450189,medium
31_16.jpg,177682.83140941712,39777.78117549954,medium
31_17.jpg,171539.7317906279,37462.17071586852,medium
31_18.jpg,179882.65494114833,37538.23936702725,medium
31_19.jpg,171767.07131704193,34147.05493908789,medium
31_2.jpg,173716.3264578116,38222.02908169952,medium
31_20.jpg,171908.72408785447,36593.17373319565,medium
31_21.jpg,172181.69868054742,37740.91157559298,medium
31_22.jpg,172451.17969016623,35168.78117586395,medium
31_23.jpg,175311.6765192191,36225.03891164317,medium
31_24.jpg,174446.20998518195,38398.369329677706,medium
31_25.jpg,173010.31527324187,38396.331596169766,medium
31_26.jpg,171339.50353383282,37844.29412080718,medium
31_27.jpg,174204.2549794979,39451.45839292045,medium
31_28.jpg,169152.9474069241,36055.0448676528,medium
31_29.jpg,178131.455267588,38138.89682382211,medium
31_3.jpg,177035.52529903862,35122.116686576475,medium
31_30.jpg,174574.5170115704,38611.395947568075,medium
31_31.jpg,171223.0779980393,31913.86286943843,medium
31_32.jpg,177828.82918577493,34353.47534217869,medium
31_33.jpg,172243.34664106517,36960.23384684236,medium
31_34.jpg,172259.22861086266,35521.136439156864,medium
31_35.jpg,172977.72205797982,38210.920709926744,medium
31_36.jpg,173052.28414760582,39271.44061092262,medium
31_37.jpg,176384.3118300631,37812.4546569319,medium
31_38.jpg,171365.4724310542,40735.62824222962,medium
31_39.jpg,172898.31565207074,36553.17026867155,medium
31_4.jpg,177160.80246759902,38818.82913660475,medium
31_40.jpg,174278.80854612665,34435.12101471977,medium
31_5.jpg,171983.9675131002,35975.813625036964,medium
31_6.jpg,173132.615814332,37488.870362524234,medium
31_7.jpg,171305.4018137135,37238.98133962532,medium
31_8.jpg,171884.9973092462,37995.40406677537,medium
31_9.jpg,178668.41335406064,36055.309737862604,medium
a19_1(1).jpg,72575.2255592509,13644.68845097104,medium
a19_1(10).jpg,74276.65501604597,12936.647874232143,medium
a19_1(100).jpg,174462.38257342944,37239.11924195334,medium
a19_1(101).jpg,174725.09841508756,35955.78062486898,medium
a19_1(102).jpg,175757.2395473089,38749.87255513332,medium
a19_1(103).jpg,177172.16918928406,40780.33860014794,medium
a19_1(104).jpg,171495.28912162897,37177.30820867203,medium
a19_1(105).jpg,172023.29875473713,37493.638963832054,medium
a19_1(106).jpg,170305.2154494056,39607.83515086175,medium
a19_1(107).jpg,171687.280720942,35919.86892002603,medium
a19_1(108).jpg,170585.8579661823,35989.04136487202,medium
a19_1(109).jpg,172590.33777466146,39290.6892917197,medium
a19_1(11).jpg,77016.1676480105,13033.81815431655,medium
a19_1(110).jpg,179222.17045468392,35902.01970514875,medium
a19_1(111).jpg,175055.8058508576,36094.259621697725,medium
a19_1(112).jpg,173193.79827081296,32230.29593536162,medium
a19_1(113).jpg,169748.45838067643,36259.08837974877,medium
a19_1(114).jpg,176883.88166312492,35406.33685854382,medium
a19_1(115).jpg,173276.25315299284,35553.63512027017,medium
a19_1(116).jpg,175404.16813382655,36105.97226049476,medium
a19_1(117).jpg,169023.41215939858,40175.49492678695,medium
a19_1(118).jpg,176939.77656561622,36722.10035085089,medium
a19_1(119).jpg,175476.82364506938,37729.93507999228,medium
a19_1(12).jpg,75883.77280624627,14146.62343170035,medium
a19_1(120).jpg,177407.78417798088,39158.82576073061,medium
a19_1(13).jpg,75594.57191641364,13099.374562956242,medium
a19_1(14).jpg,74038.57334317644,13094.184230261984,medium
a19_1(15).jpg,74606.43972174643,13602.18212269481,medium
a19_1(16).jpg,73993.50139923184,12902.49709880966,medium
a19_1(17).jpg,72595.3807548444,14085.33351566444,medium
a19_1(18).jpg,76850.67106831408,14741.263944565044,medium
a19_1(19).jpg,74434.11856793787,12651.570757749147,medium
a19_1(2).jpg,75973.8853768942,12771.223408074824,medium
a19_1(20).jpg,75542.43794692766,12923.49168137395,medium
a19_1(21).jpg,72960.15272493567,12819.688205411172,medium
a19_1(22).jpg,75787.68882111285,12173.444028576096,medium
a19_1(23).jpg,75699.08545680363,13381.70853497415,medium
a19_1(24).jpg,75201.19875086004,13038.249588298686,medium
a19_1(25).jpg,75035.86203994116,13818.264496566973,medium
a19_1(26).jpg,72976.21200008289,12260.831892835617,medium
a19_1(27).jpg,73323.34264082732,13362.562574144104,medium
a19_1(28).jpg,73376.30717525867,15033.996141433088,medium
a19_1(29).jpg,74961.72154286201,13380.667588469754,medium
a19_1(3).jpg,75080.16800034828,12297.19810662338,medium
a19_1(30).jpg,74182.42128716799,12747.178353667463,medium
a19_1(31).jpg,76545.79355840555,12676.508148983694,medium
a19_1(32).jpg,72206.43343256801,13100.893035730267,medium
a19_1(33).jpg,74866.4614263039,13955.062727368575,medium
a19_1(34).jpg,74361.19562918048,12041.653773707054,medium
a19_1(35).jpg,73689.10936514946,12871.640753804466,medium
a19_1(36).jpg,72156.85511948951,13681.070469341328,medium
a19_1(37).jpg,74804.98187005718,13228.719251224145,medium
a19_1(38).jpg,73241.22813022134,13437.44747330819,medium
a19_1(39).jpg,73508.30336545888,12764.077911099768,medium
a19_1(4).jpg,73760.03051231406,14703.639768112407,medium
a19_1(40).jpg,73465.51217500518,14141.117221937711,medium
a19_1(41).jpg,172618.77864365178,35091.124698602056,medium
a19_1(42).jpg,170460.931860784,33825.18704641649,medium
a19_1(43).jpg,173443.92381881573,38755.38066693067,medium
a19_1(44).jpg,171893.58339525302,36062.339037699705,medium
a19_1(45).jpg,175242.3512863351,33872.100630248475,medium
a19_1(46).jpg,174722.9160413778,35691.91956285219,medium
a19_1(47).jpg,179726.79814941448,34475.247949362165,medium
a19_1(48).jpg,176919.93910514045,34308.16021570947,medium
a19_1(49).jpg,177156.55348142615,36527.98454230623,medium
a19_1(5).jpg,74676.95075310917,14412.486556975517,medium
a19_1(50).jpg,174834.50521190086,37473.16809836435,medium
a19_1(51).jpg,173821.17479669699,35401.10543670377,medium
a19_1(52).jpg,179368.0576168766,35434.7998043137,medium
a19_1(53).jpg,168949.98407472842,36763.65694023459,medium
a19_1(54).jpg,172155.78569443457,36353.87428350385,medium
a19_1(55).jpg,175514.4777577798,32653.05495083741,medium
a19_1(56).jpg,168616.11453479063,36962.918915004,medium
a19_1(57).jpg,169844.15199785508,33468.63600302196,medium
a19_1(58).jpg,176545.16345357796,33238.1876556447,medium
a19_1(59).jpg,170288.31108654366,35228.42938272149,medium
a19_1(6).jpg,73895.82119258335,13067.564993222086,medium
a19_1(60).jpg,170555.55448746288,34884.77035959042,medium
a19_1(61).jpg,172613.5089389697,33799.932323304114,medium
a19_1(62).jpg,171131.02622663553,36372.59414112923,medium
a19_1(63).jpg,169464.86757051456,37911.17338726242,medium
a19_1(64).jpg,171789.73099965716,37565.273641003296,medium
a19_1(65).jpg,174993.25924967107,32936.53973723326,medium
a19_1(66).jpg,167969.02199892286,34864.95329498583,medium
a19_1(67).jpg,167256.62807300966,33645.36473353488,medium
a19_1(68).jpg,173773.16976715456,35008.331961659016,medium
a19_1(69).jpg,177325.37506741492,36496.963292837165,medium
a19_1(7).jpg,76344.54398460092,14572.360580571987,medium
a19_1(70).jpg,169692.58966118086,35360.66272175521,medium
a19_1(71).jpg,169746.0753719319,34546.923367275165,medium
a19_1(72).jpg,175883.80044697894,37482.98812022991,medium
a19_1(73).jpg,171129.45755603552,34399.89547792853,medium
a19_1(74).jpg,166238.06450104105,35165.7912639832,medium
a19_1(75).jpg,170377.2784413556,35678.6590967465,medium
a19_1(76).jpg,171117.60795607456,34101.62190172952,medium
a19_1(77).jpg,170538.3718516705,35928.215049327744,medium
a19_1(78).jpg,175959.28701929888,37647.612029312426,medium
a19_1(79).jpg,172574.3466258503,36524.3825758244,medium
a19_1(8).jpg,75781.38035246659,13442.569328908072,medium
a19_1(80).jpg,178793.89498131312,36319.42772230845,medium
a19_1(81).jpg,171981.5901315454,39966.28881462105,medium
a19_1(82).jpg,172318.95867341093,35419.6049274373,medium
a19_1(83).jpg,171556.2150461545,37049.28014474292,medium
a19_1(84).jpg,175128.2580669025,41479.525794778456,medium
a19_1(85).jpg,177328.70409030438,36359.7616236295,medium
a19_1(86).jpg,168816.59524405454,36447.89072400673,medium
a19_1(87).jpg,173438.66383956076,39140.14303328552,medium
a19_1(88).jpg,172173.92870502087,40673.48403280511,medium
a19_1(89).jpg,171898.04994041877,35722.515675544266,medium
a19_1(9).jpg,74181.51890485847,13216.81192087058,medium
a19_1(90).jpg,175376.9821029567,36734.80678148484,medium
a19_1(91).jpg,173227.85766079888,37182.088783084924,medium
a19_1(92).jpg,169564.86923903448,35973.366944415015,medium
a19_1(93).jpg,176099.05221736836,38959.27578221826,medium
a19_1(94).jpg,179979.84890502805,33449.27578133313,medium
a19_1(95).jpg,169942.20439620054,37970.31022839009,medium
a19_1(96).jpg,172665.38199755736,35229.87797444989,medium
a19_1(97).jpg,169031.79892028938,35100.54487274757,medium
a19_1(98).jpg,170949.88899687844,33285.50528882237,medium
a19_1(99).jpg,165016.8459220955,36210.30633653717,medium
40_1.jpg,177533.15560908424,36195.42121038035,wet
40_10.jpg,168406.8831798519,41417.961923980474,wet
40_11.jpg,173559.47417016898,40587.931924332624,wet
40_12.jpg,168882.35096728388,34486.61801148739,wet
40_13.jpg,172283.61561229388,39519.49879270022,wet
40_14.jpg,169991.87671506015,38665.18032513951,wet
40_15.jpg,166787.6903614716,41002.639409430136,wet
40_16.jpg,172701.27125359906,36527.02930026148,wet
40_17.jpg,169979.00476215902,42295.857339060676,wet
40_18.jpg,169697.7577682553,43731.20767586142,wet
40_19.jpg,172910.66341895607,40076.52535889893,wet
40_2.jpg,173986.79713380642,36284.91928814109,wet
40_20.jpg,177446.62401426173,37457.32007480046,wet
40_21.jpg,172427.28885998207,40878.73624024332,wet
40_22.jpg,173868.1733531382,41096.02020346322,wet
40_23.jpg,168088.87084004912,42095.8222916545,wet
40_24.jpg,175590.2147625028,42010.78852176832,wet
40_25.jpg,164207.71497428376,41687.33545694367,wet
40_26.jpg,168474.4562819398,43544.572799169364,wet
40_27.jpg,168457.9599976816,41616.350355931674,wet
40_28.jpg,175724.27729589667,42213.66710905894,wet
40_29.jpg,169262.06735963255,50653.37872386107,wet
40_3.jpg,174431.58630099645,41400.4319200668,wet
40_30.jpg,172154.3124468941,43394.12924803664,wet
40_31.jpg,164472.63196197042,42384.91659763333,wet
40_32.jpg,173299.44854819294,44178.33838219784,wet
40_33.jpg,173724.3107733614,38770.683054394605,wet
40_34.jpg,166884.95254995464,43440.27020464813,wet
40_35.jpg,171249.26553454864,43778.03792809053,wet
40_36.jpg,169608.9080308113,40961.85919047735,wet
40_37.jpg,168527.1173726833,42903.95894397361,wet
40_38.jpg,168808.98174137756,41572.224250372645,wet
40_39.jpg,174893.12913090282,44082.480819909804,wet
40_4.jpg,172623.6361160274,38952.9629466484,wet
40_40.jpg,175405.3324741829,41929.09418674049,wet
40_5.jpg,173859.2801452679,38535.657980728116,wet
40_6.jpg,170069.5291975574,39932.91968452907,wet
40_7.jpg,170169.69062998667,41337.44344062925,wet
40_8.jpg,175865.97652463795,39913.35689458952,wet
40_9.jpg,171519.00151308795,40632.52749951405,wet
44_1.jpg,76235.7301317331,13121.804933670202,wet
44_10.jpg,75895.12158415004,14365.437190665598,wet
44_11.jpg,71762.33806269252,15272.957220129854,wet
44_12.jpg,74353.00949640716,16401.027192583853,wet
44_13.jpg,73386.80504761724,16825.000828176057,wet
44_14.jpg,73782.27749089857,15475.711300204965,wet
44_15.jpg,73313.66636133715,16780.49374794412,wet
44_16.jpg,73076.08784222357,15166.379832860028,wet
44_17.jpg,72147.39561752645,15106.167862216358,wet
44_18.jpg,75618.4184924119,16294.720125997357,wet
44_19.jpg,73824.16879865491,15160.298716686511,wet
44_2.jpg,73843.4887899612,14774.070490706852,wet
44_20.jpg,75963.47240418897,14955.281612060726,wet
44_21.jpg,71963.82187422951,14985.248731050759,wet
44_22.jpg,75516.10166482157,15828.037156215601,wet
44_23.jpg,71794.8764786694,16061.23728372327,wet
44_24.jpg,73629.60621406678,15372.433677663621,wet
44_25.jpg,72493.52823440949,16963.766193566804,wet
44_26.jpg,74727.04422302404,16968.772652587704,wet
44_27.jpg,72002.07889536073,15848.66178976162,wet
44_28.jpg,75466.9064597785,15323.971016902733,wet
44_29.jpg,73748.24621072778,14843.209111110233,wet
44_3.jpg,72015.65694263557,16232.716383831656,wet
44_30.jpg,73093.90231980708,16557.540289258446,wet
44_31.jpg,72360.10738870843,15487.315461787322,wet
44_32.jpg,72196.15182189134,17232.08429304488,wet
44_33.jpg,72631.57347808384,14128.546410673027,wet
44_34.jpg,74895.54011174776,15678.034883675633,wet
44_35.jpg,73259.1275153109,16753.795248484,wet
44_36.jpg,73570.7209571101,15127.75600888562,wet
44_37.jpg,71761.2591765658,17752.003441055604,wet
44_38.jpg,74904.74767356066,15219.762664651947,wet
44_39.jpg,75136.72734941836,14758.079544128814,wet
44_4.jpg,71861.81315158948,13917.885733831845,wet
44_40.jpg,72188.57159087753,14083.870533225823,wet
44_5.jpg,75906.10695047589,16100.132590104913,wet
44_6.jpg,75448.10296398694,15013.963547838835,wet
44_7.jpg,71729.86143762902,15277.858241204274,wet
44_8.jpg,73899.1805089655,15471.33097048982,wet
44_9.jpg,72468.96664918169,15763.198508703483,wet
48_1.jpg,165397.4971522684,41447.89585163105,wet
48_10.jpg,175024.02975109968,44076.84254617857,wet
48_11.jpg,175638.9615368532,41411.58092107393,wet
48_12.jpg,175401.7046905036,46928.63021167369,wet
48_13.jpg,177540.4322671815,42189.75572979919,wet
48_14.jpg,167769.57639116218,43390.852859558734,wet
48_15.jpg,169915.5697042185,46338.07773629055,wet
48_16.jpg,172017.28069129682,42857.87274682116,wet
48_17.jpg,171270.24583058138,40688.92820631406,wet
48_18.jpg,170074.8635622257,44080.795423451666,wet
48_19.jpg,173234.83268137934,43649.219220383246,wet
48_2.jpg,173553.13831355874,42845.72154580884,wet
48_20.jpg,171806.89043590246,45348.929547941894,wet
48_21.jpg,169867.93723518183,45601.10610158784,wet
48_22.jpg,177531.6161343274,44220.362834882326,wet
48_23.jpg,173543.60030556592,45561.815980997686,wet
48_24.jpg,168000.60683682509,42403.11588359507,wet
48_25.jpg,168737.1825859938,48181.56259435838,wet
48_26.jpg,166785.86021367172,45118.43289961063,wet
48_27.jpg,166325.20971811668,41773.5059429899,wet
48_28.jpg,168250.03062025917,44088.85900395983,wet
48_29.jpg,173108.58186390728,40039.84477129171,wet
48_3.jpg,171743.631976625,46178.9584493406,wet
48_30.jpg,173493.21608435203,41159.77261568255,wet
48_31.jpg,174922.2364989125,42258.24512060295,wet
48_32.jpg,167092.2009571972,43823.36276645352,wet
48_33.jpg,177649.04226797118,41612.71003698091,wet
48_34.jpg,168655.20455084147,41658.12050924425,wet
48_35.jpg,172514.88552609377,44404.27707458532,wet
48_36.jpg,176642.3306785274,42533.12386130135,wet
48_37.jpg,169096.59200866145,42065.73097567692,wet
48_38.jpg,171853.4732937695,42495.512063035174,wet
48_39.jpg,174567.83442198473,43204.60504277122,wet
48_4.jpg,176644.39918743007,45037.14650548937,wet
48_40.jpg,174208.3476609028,42913.75197092966,wet
48_5.jpg,166760.06368308605,46398.1650383895,wet
48_6.jpg,169469.550997105,41703.297603878455,wet
48_7.jpg,174036.66471332987,44828.193854713136,wet
48_8.jpg,172544.307407538,42454.322834822524,wet
48_9.jpg,176539.2350821659,42007.954692314444,wet
49_1.jpg,178311.07071392238,40925.33508662565,wet
49_10.jpg,167061.9084472055,40728.709049095385,wet
49_11.jpg,164053.94354229313,43426.63560398001,wet
49_12.jpg,166188.71482218974,41975.32109637478,wet
49_13.jpg,167664.2194311674,41429.75129440478,wet
49_14.jpg,165387.4606493241,39610.41437875248,wet
49_15.jpg,169046.05347011503,42078.28202915298,wet
49_16.jpg,166035.33952128058,40663.69815416934,wet
49_17.jpg,170990.06760521207,37289.81316847972,wet
49_18.jpg,174654.79747661538,40230.85896942671,wet
49_19.jpg,169529.8254514774,42917.4678917765,wet
49_2.jpg,174918.55177473385,41981.125608336195,wet
49_20.jpg,174770.86666572187,40039.485891723416,wet
49_21.jpg,170122.53651305448,42693.82223161295,wet
49_22.jpg,176115.95514088802,37380.16613314778,wet
49_23.jpg,164288.6318098985,39968.01431761511,wet
49_24.jpg,164152.9654139195,40772.12803864839,wet
49_25.jpg,169881.54947499995,41149.80274490097,wet
49_26.jpg,170471.9172607031,40052.14730355899,wet
49_27.jpg,166910.14788175334,46355.6614158913,wet
49_28.jpg,166663.96333710715,41944.52884089596,wet
49_29.jpg,163945.50605129832,39987.90162960635,wet
49_3.jpg,178762.68292430398,40700.01956324719,wet
49_30.jpg,164207.4392614772,41495.080795517715,wet
49_31.jpg,172770.65413204243,39967.365153184204,wet
49_32.jpg,176156.8181451129,40183.42147359029,wet
49_33.jpg,174858.61113759672,41055.52499679437,wet
49_34.jpg,166786.41252501306,42574.52135174566,wet
49_35.jpg,169206.10762554724,42645.48563888947,wet
49_36.jpg,175813.14943650676,37982.410889497,wet
49_37.jpg,170762.55270000498,42217.35199457186,wet
49_38.jpg,169472.7084685177,42810.33797130629,wet
49_39.jpg,171220.06472217015,41226.49597164276,wet
49_4.jpg,173213.40361354532,38004.220655892,wet
49_40.jpg,175647.5718945658,42470.53529590606,wet
49_5.jpg,177392.58839819845,40517.90475946527,wet
49_6.jpg,168326.38324332732,44841.400234250155,wet
49_7.jpg,169083.52126850517,38348.65969074706,wet
49_8.jpg,164943.08834655705,37591.01722371752,wet
49_9.jpg,163999.17361864515,42422.83481273185,wet
a40_1(1).jpg,71506.23679949183,14666.113842069468,wet
a40_1(10).jpg,75526.11695600183,16538.635737770714,wet
a40_1(11).jpg,76048.93572583572,14582.023568064322,wet
a40_1(12).jpg,75810.79799302449,14153.384116513736,wet
a40_1(13).jpg,73497.75091463258,14829.716809206102,wet
a40_1(14).jpg,73315.1991729901,15013.728134666175,wet
a40_1(15).jpg,73758.98900319428,15364.055185704554,wet
a40_1(16).jpg,72767.65491991016,18882.085817989406,wet
a40_1(17).jpg,75250.90825497141,13504.472096116593,wet
a40_1(18).jpg,73994.70969491107,14609.359340604798,wet
a40_1(19).jpg,72159.39111095629,15292.338859424295,wet
a40_1(2).jpg,75017.42389144505,16620.109857426232,wet
a40_1(20).jpg,72137.01523915127,17901.213247049884,wet
a40_1(21).jpg,73590.86737187712,12464.961158750823,wet
a40_1(22).jpg,72341.34953470019,17607.070785151438,wet
a40_1(23).jpg,75189.8481436033,15604.20586867795,wet
a40_1(24).jpg,72998.72993278576,14920.432486868749,wet
a40_1(25).jpg,75236.56160224935,14560.149056582348,wet
a40_1(26).jpg,73451.16958329781,14692.882201015453,wet
a40_1(27).jpg,75144.87212116091,15418.93841144849,wet
a40_1(28).jpg,73319.43762950359,16244.212670158358,wet
a40_1(29).jpg,75121.9489565314,16875.089422028504,wet
a40_1(3).jpg,74081.94471722259,15126.171330931973,wet
a40_1(30).jpg,71590.98823860445,12878.881216545784,wet
a40_1(31).jpg,73353.23811784828,14657.14531702456,wet
a40_1(32).jpg,75234.82207992948,13059.351087638632,wet
a40_1(33).jpg,72470.10274374501,16252.260776888857,wet
a40_1(34).jpg,72306.01639037089,15514.918997854935,wet
a40_1(35).jpg,73300.42185264437,18265.638737924688,wet
a40_1(36).jpg,74500.41773446642,15217.77741328241,wet
a40_1(37).jpg,72680.39690833652,15272.807221946789,wet
a40_1(38).jpg,71426.47191766508,15720.920998737372,wet
a40_1(39).jpg,72769.20892405603,14366.721869683193,wet
a40_1(4).jpg,74311.07294523742,13898.927707751864,wet
a40_1(40).jpg,73617.50053927819,13915.865226993015,wet
a40_1(41).jpg,173746.03057183852,40868.56478452873,wet
a40_1(42).jpg,167796.05322020288,43366.56178763615,wet
a40_1(43).jpg,176379.63955499826,43773.73754729196,wet
a40_1(44).jpg,168948.7913708021,39675.09376292996,wet
a40_1(45).jpg,176985.59155078937,39851.814456101994,wet
a40_1(46).jpg,172278.28368481275,41554.149704493495,wet
a40_1(47).jpg,171108.27620247283,39855.56625042449,wet
a40_1(48).jpg,168782.3290170033,38523.873532169535,wet
a40_1(49).jpg,173877.9274873174,36929.660904979755,wet
a40_1(5).jpg,71458.33507499755,13844.509066149956,wet
a40_1(50).jpg,171040.6001749763,39928.180090645874,wet
a40_1(51).jpg,174586.43452560174,38696.84608217485,wet
a40_1(52).jpg,177983.96239045227,40283.4000319419,wet
a40_1(53).jpg,178468.88699283323,37067.972794046684,wet
a40_1(54).jpg,171472.64126697957,41682.91967187638,wet
a40_1(55).jpg,171476.14927626538,39577.196047819394,wet
a40_1(56).jpg,173459.98767891352,42690.69697700217,wet
a40_1(57).jpg,173620.45802291413,38407.80053307555,wet
a40_1(58).jpg,168623.66399800175,37757.81408712181,wet
a40_1(59).jpg,173325.46256722682,38670.79325783619,wet
a40_1(6).jpg,75329.3960867964,16169.31618376042,wet
a40_1(60).jpg,169724.88545191358,38409.243791733774,wet
a40_1(61).jpg,169631.9216484183,38871.08055092238,wet
a40_1(62).jpg,173254.88421739737,40272.65646054803,wet
a40_1(63).jpg,169276.74033691632,38205.94506882937,wet
a40_1(64).jpg,167778.38217793638,42410.43965763342,wet
a40_1(65).jpg,175161.3832467526,39765.43687955629,wet
a40_1(66).jpg,172868.97139404048,39974.45415611091,wet
a40_1(67).jpg,169908.97228637704,40361.821046433484,wet
a40_1(68).jpg,170434.61022320224,40857.069956531406,wet
a40_1(69).jpg,176708.35774066063,42408.08953878528,wet
a40_1(7).jpg,71358.87192973684,15308.000295617485,wet
a40_1(70).jpg,172316.20827881718,38782.14621863573,wet
a40_1(71).jpg,173235.6314386751,39601.43058842931,wet
a40_1(72).jpg,168906.9790367568,38450.971781666405,wet
a40_1(73).jpg,173305.29192000732,36820.468675238204,wet
a40_1(74).jpg,169312.0659918814,38039.09677124768,wet
a40_1(75).jpg,177015.72839637517,38966.975300622464,wet
a40_1(76).jpg,177942.91827003067,38256.92622833474,wet
a40_1(77).jpg,171548.6271856798,42016.700194822595,wet
a40_1(78).jpg,169988.1663834278,38500.248515227264,wet
a40_1(79).jpg,169148.9325387804,38839.00726112463,wet
a40_1(8).jpg,73494.21096023907,17032.628207795766,wet
a40_1(80).jpg,170815.0904249317,41102.68578440968,wet
a40_1(9).jpg,75792.71268527678,16121.36161591973,wet
