Image,GLRLM_ShortRunEmphasis,GLRLM_LongRunEmphasis,GLRLM_GrayLevelNo-Uniformity,GLRLM_RunLengthNonUniformity,GLRLM_RunPercentage,GLRLM_LowGrayLevelRunEmphasis,GLRLM_HighGrayLevelRunEmphasis,GLRLM_Short owGrayLevelEmphasis,GLRLM_ShortRunHighGrayLevelEmphasis,GLRLM_LongRunLowGrayLevelEmphasis,GLRLM_LongRunHighGrayLevelEmphasis,Label
10_1.jpg,0.9694501312745111,1.1331408308157427,2147.4126053413315,271791.1340441623,1.8051930147058823,678603832057.0859,17422.112719061377,678603832057.0859,16844.18712478575,1.0,19951.78347046562,dry
10_10.jpg,0.969898182722211,1.130929842271265,2195.5749558840794,272295.2179763417,1.8064399509803923,279802591082.8519,18503.310330884597,279802591082.8519,17899.133766422914,1.0,21138.670014277184,dry
10_11.jpg,0.9687465325895201,1.1363223339099637,2240.965674456675,271042.7431863517,1.8035585171568627,356661457610.29205,17983.118651127057,356661457610.29205,17379.09877607731,1.0,20623.939918976805,dry
10_12.jpg,0.9673856049744443,1.1427799340808937,2177.54079305327,269577.1707036311,1.8001501225490195,187215845287.07217,19128.415176545313,187215845287.07217,18454.41199218329,1.0,22090.618750311136,dry
10_13.jpg,0.9673350828961247,1.1433568780475987,2354.784115198525,269507.77099667507,1.79991881127451,323407415797.9494,17855.331719552643,323407415797.9494,17227.18281932713,1.0,20620.807229063168,dry
10_14.jpg,0.9683209003225228,1.1387171399052678,2267.987300593346,270559.4235544012,1.802314644607843,339988079474.8903,18066.88834581795,339988079474.8903,17449.728089871118,1.0,20784.284566925086,dry
10_15.jpg,0.9689989167015158,1.1353180131855833,2232.8301705936033,271316.26347827015,1.804140625,152756122795.39435,18088.4423521293,152756122795.39435,17476.58477168772,1.0,20768.88106037061,dry
10_16.jpg,0.9692649246806738,1.1337126748241069,2134.6748396547173,271623.26103042427,1.8049249387254902,441248782915.61304,17221.134863056435,441248782915.61304,16651.9479718371,1.0,19704.220234558765,dry
10_17.jpg,0.9684471031367722,1.13719342278524,2196.9485834362085,270735.5200008782,1.8029901960784316,93404633516.90846,18286.59199645704,93404633516.90846,17666.885254296692,1.0,20985.704577847097,dry
10_18.jpg,0.9689589424249041,1.1354844944706446,2235.175121984835,271273.41681971966,1.8040548406862746,152845651741.5611,18499.42316229293,152845651741.5611,17880.051595273624,1.0,21214.043785465063,dry
10_19.jpg,0.967572578869262,1.1419485166444892,2348.4211389678376,269757.76684802026,1.8005254289215684,102097679672.68576,18234.282089131182,102097679672.68573,17594.322412124533,1.0,21045.203067877912,dry
10_2.jpg,0.9690838784076338,1.134692508056811,2204.4339855080543,271409.84115858853,1.8044178921568628,331147416128.5015,18482.238392092455,331147416128.5015,17862.460399609983,1.0,21191.41307111607,dry
10_20.jpg,0.967797396433441,1.1412483320126454,2347.608287389508,270005.1720217069,1.8010830269607843,59489445229.034386,18527.866477879925,59489445229.03436,17882.219400301845,1.0,21372.44856253855,dry
10_21.jpg,0.9670461306879514,1.1447152326825483,2289.2977255714504,269195.35954869527,1.7991911764705883,238407567948.20645,17826.58333460453,238407567948.20645,17188.461993366094,1.0,20639.025119256537,dry
10_22.jpg,0.966299404316892,1.1484912535188865,2444.80444792199,268382.854440258,1.797264093137255,68189081596.642876,18095.366169977522,68189081596.64286,17433.12372785413,1.0,21027.907579397248,dry
10_23.jpg,0.9669866043191283,1.1447579670820514,2299.156929242262,269143.23390488286,1.7991620710784315,178751239393.45746,18234.83315636704,178751239393.45746,17578.37334954775,1.0,21124.820828561307,dry
10_24.jpg,0.9661947782802379,1.148584582377472,2148.2606451987817,268280.43568057846,1.7971001838235292,264206367616.9657,16937.02163896492,264206367616.9657,16329.087819940305,1.0,19613.270291114593,dry
10_25.jpg,0.9671645183774655,1.1437395184658785,2359.4550753196745,269325.4716581973,1.799598651960784,195743873626.1019,18502.76244289532,195743873626.1019,17846.35816239834,1.0,21386.577122703133,dry
10_26.jpg,0.9670123752959355,1.1446062349460076,2076.542405928565,269163.716695318,1.799188112745098,229950697471.05002,17608.80742998631,229950697471.05002,16976.52768731451,1.0,20392.349623548907,dry
10_27.jpg,0.9664668483356883,1.1471524208330695,2264.178194199178,268579.8367369659,1.797873774509804,127858963292.52867,18892.836358344117,127858963292.52867,18199.361030777927,1.0,21951.956997694084,dry
10_28.jpg,0.9665794246351354,1.146322595149442,2173.0726749549312,268707.43236667465,1.79820006127451,102230169585.6646,18566.94493983546,102230169585.6646,17893.626229489724,1.0,21532.502817274602,dry
10_29.jpg,0.9658797912641766,1.149986267280691,2302.282325593108,267949.57028909575,1.796357230392157,204671251580.3795,18485.374245834704,204671251580.3795,17795.85574718615,1.0,21533.868982927535,dry
10_3.jpg,0.9684422048648271,1.1377084743450239,2239.4312283010427,270716.3267594905,1.8028262867647058,186846156014.13013,19156.80650469176,186846156014.13013,18502.556907972736,1.0,22019.68183296303,dry
10_30.jpg,0.9668042490843005,1.145589106239042,2179.3128084780346,268950.55967927957,1.798720894607843,136267896718.90005,17865.070958910677,136267896718.90005,17224.654436158682,1.0,20688.958150943658,dry
10_31.jpg,0.9666906967003852,1.1462067754266214,2404.3583963915185,268812.8928116016,1.798313419117647,391652502793.97876,18868.369204573224,391652502793.97876,18185.389344665076,1.0,21877.094221625317,dry
10_32.jpg,0.9662813409880067,1.1479091261159673,2240.225062870717,268382.9986628534,1.7974341299019607,179017794923.73532,18483.86670370397,179017794923.73532,17814.061492811226,1.0,21431.762827344886,dry
10_33.jpg,0.9668531567546141,1.1453327522722383,2066.0536332859238,268992.8161816945,1.7987607230392157,195833219904.49457,17546.05992516674,195833219904.49457,16916.206471370453,1.0,20319.176500562535,dry
10_34.jpg,0.9661415280389958,1.1481514899883327,2255.7490258318144,268251.1493141641,1.797199754901961,272766673893.3096,18275.845338995434,272766673893.3096,17614.614326086205,1.0,21177.333351146604,dry
10_35.jpg,0.96601626214656,1.1487655242380908,2405.1863322914905,268110.4242224199,1.796842830882353,204615679532.5816,18229.599398485043,204615679532.5816,17560.915003126793,1.0,21170.537986669762,dry
10_36.jpg,0.9660186726205078,1.149250268551539,2220.7719857512493,268095.7134844135,1.796735600490196,68208925950.99396,18944.323200888117,68208925950.99396,18244.951932904296,1.0,22031.71581781241,dry
10_37.jpg,0.9650122864511812,1.154133867262916,2341.386671898967,266994.7482858443,1.7940502450980391,990506535036.2948,17802.74411169996,990506535036.2948,17120.75073270315,1.0,20823.770510025577,dry
10_38.jpg,0.9671654246582013,1.1441954593506747,2172.19653197168,269331.3844152518,1.799563419117647,127740506269.32129,18560.768227575765,127740506269.32129,17895.92135316706,1.0,21498.791847594908,dry
10_39.jpg,0.9663923460875918,1.1476994632197886,2204.683118933637,268496.22025964153,1.7976148897058823,93794800189.45107,19395.937074106165,93794800189.45107,18686.467723732778,1.0,22528.6026246315,dry
10_4.jpg,0.9667011596985711,1.1459057793779144,2322.986717207884,268837.34434825485,1.798455882352941,221474661795.07205,18072.837733976958,221474661795.07205,17425.78417102694,1.0,20917.74546017256,dry
10_40.jpg,0.9657213859504338,1.1508508154338182,2324.5056654690266,267769.49254490423,1.7958884803921569,204724867586.26477,18884.13561923118,204724867586.26477,18178.478895087275,1.0,22005.09954037746,dry
10_5.jpg,0.9684701955948021,1.1377150565700163,2175.8824540831088,270733.7572627641,1.8027833946078433,254929151866.5359,18357.627447561907,254929151866.5359,17727.889250313867,1.0,21119.179882385557,dry
10_6.jpg,0.9681227847895231,1.139008524099554,2130.194519037957,270376.39955116843,1.802109375,136010344538.80847,18550.394186059897,136010344538.80847,17914.098968926897,1.0,21339.32140440357,dry
10_7.jpg,0.9685033255982836,1.1371963539612755,2128.634785645243,270794.2791437902,1.8030821078431372,33984284781.925198,19062.108477386646,33984284781.925194,18412.33586889039,1.0,21900.42539136843,dry
10_8.jpg,0.9679313978820089,1.1400732695463869,2281.196675724462,270174.457441568,1.801609987745098,0.00012770092890038574,19287.506762909386,0.00012394928628254922,18625.903101165768,1.0,22191.723270122187,dry
10_9.jpg,0.9672970078743902,1.1431454611891705,2192.5812796509395,269483.7988551346,1.799967830882353,204259787917.86853,18623.996839436662,204259787917.86853,17961.8328135195,1.0,21540.82060751889,dry
15_1.jpg,0.9695718537445244,1.1323480612573489,2126.829630653103,271945.11982304306,1.8056770833333333,288458459340.64813,16911.4505343598,288458459340.64813,16348.378144901097,1.0,19373.561779546504,dry
15_10.jpg,0.9685926447001288,1.1358451835756818,2259.360212523704,270858.86964174453,1.8032276348039216,1988019818639.5627,17651.6809944844,1988019818639.5625,17069.495108460793,1.0,20170.620012095686,dry
15_11.jpg,0.9680368855289893,1.1396648240262224,2186.3978517395594,270238.96101202804,1.8015594362745098,1641051838420.4868,17371.288496224537,1641051838420.4868,16758.548558842635,1.0,20066.00562980861,dry
15_12.jpg,0.9675926938859647,1.1414954665963981,2246.769560090602,269766.59782464337,1.800563725490196,714643109622.1921,19135.400630197593,714643109622.1921,18468.229585144,1.0,22057.287346534034,dry
15_13.jpg,0.9658573568136495,1.1503502977989681,2259.972275112933,267924.63668379845,1.7961979166666666,341152471295.5022,18283.185556293884,341152471295.5022,17617.26297014252,1.0,21229.73592160163,dry
15_14.jpg,0.9660946604496609,1.1482607162289118,2187.7570063715766,268159.52462573466,1.7968321078431373,1287122506688.4895,17857.31957366683,1287122506688.4895,17206.588786641274,1.0,20715.51936364085,dry
15_15.jpg,0.9683487909479946,1.137526952804328,2155.228958072411,270604.5610545993,1.8026056985294119,688313686493.6108,17552.460401248354,688313686493.6108,16956.915157872805,1.0,20148.36952784343,dry
15_16.jpg,0.9676030409138692,1.14116695483682,2124.54723236197,269778.2379261692,1.8006234681372548,1301733585075.0803,17637.864932436074,1301733585075.0803,17034.497169922503,1.0,20268.601369815082,dry
15_17.jpg,0.9647568989586348,1.1550556836364652,2330.715549579355,266714.08168507926,1.7933961397058824,1008168563567.8502,17471.50320881029,1008168563567.8502,16806.10926365958,1.0,20408.35682976572,dry
15_18.jpg,0.9681100780466959,1.1385840721162916,2235.1631662033046,270337.7293239108,1.8019607843137257,1173091931259.972,18383.928880967418,1173091931259.972,17755.04203395909,1.0,21123.36440859945,dry
15_19.jpg,0.9676535812412441,1.1410035768922882,2122.0967518966368,269864.00208444183,1.8008854166666668,995199450135.9242,18168.331941588145,995199450135.9242,17538.580569207843,1.0,20922.022907259998,dry
15_2.jpg,0.969700078041934,1.1313622986229568,2030.1538371511328,272064.5439677366,1.8059007352941177,1594477877788.8943,18672.17614938988,1594477877788.8943,18079.340940756665,1.0,21244.59875737896,dry
15_20.jpg,0.9672743749173589,1.143198177500591,2063.4310200090226,269419.37989135564,1.7996675857843136,1327771008177.6255,17897.72857563074,1327771008177.6255,17265.669282340452,1.0,20673.281970898013,dry
15_21.jpg,0.9705122942462467,1.1280263235445822,2092.3886929699042,272977.81544415094,1.8080606617647057,135562374830.26035,17606.566583999942,135562374830.26035,17047.36948019932,1.0,20038.91101686799,dry
15_22.jpg,0.967717512540426,1.1406621306777616,2247.5671763909327,269925.0420610338,1.8010202205882355,595417756617.2605,18252.53072653873,595417756617.2605,17623.925959085955,1.0,21000.207603845134,dry
15_23.jpg,0.965617112986786,1.1506685426818817,2089.844055130491,267678.4758577293,1.7958532475490194,520292652682.9028,18616.380747191488,520292652682.9028,17937.756191733326,1.0,21596.874524103645,dry
15_24.jpg,0.9684580221458304,1.1373389826273475,2319.830659506994,270715.2908211984,1.8028079044117646,977058376397.685,17781.641207643872,977058376397.685,17172.668368394483,1.0,20446.49589747512,dry
15_25.jpg,0.9681967644023924,1.1380448434054569,2139.5789428579965,270457.31385331816,1.80234068627451,790506221121.3079,18846.50067322537,790506221121.3079,18197.06120323178,1.0,21678.44449378787,dry
15_26.jpg,0.9660879839625304,1.1484913435638089,2533.742322325556,268180.4165607594,1.7969454656862744,877933034108.0234,17865.15217701939,877933034108.0234,17219.372640296646,1.0,20695.97026949188,dry
15_27.jpg,0.9665399331989566,1.1465648566831617,2254.0897556368773,268657.47413900745,1.798048406862745,502619945537.7417,19825.562539015347,502619945537.7417,19106.129905134105,1.0,22992.94267508253,dry
15_28.jpg,0.9685775724261,1.1363329716767474,2104.4994546133516,270869.2002934725,1.8032521446078433,1257378067504.2085,18194.980597123595,1257378067504.2085,17575.79949607679,1.0,20890.881821640676,dry
15_29.jpg,0.9666393139871947,1.1468429177319301,2277.9432637877326,268724.256908737,1.7979901960784312,1133237814666.6826,17723.661711946734,1133237814666.6826,17092.575126007396,1.0,20511.090143881123,dry
15_3.jpg,0.9687440452693342,1.1355359271085674,2192.8118109481316,271032.24910656497,1.80359375,1104261366776.4336,17988.244345388146,1104261366776.4336,17383.23362718165,1.0,20619.429898617826,dry
15_30.jpg,0.967015183390971,1.144843175147729,2298.590525478109,269139.1376223937,1.798982843137255,1319858180993.5415,17411.352628417928,1319858180993.5415,16791.49599861035,1.0,20144.142159511564,dry
15_31.jpg,0.9676048619970582,1.1412946203332133,2292.5101685242535,269791.20101466734,1.8006479779411766,1327484814528.205,18240.789616102214,1327484814528.205,17599.142673608487,1.0,21051.63613827222,dry
15_32.jpg,0.9670813638057201,1.1441026818881042,2187.605312512645,269222.79473735555,1.799247855392157,1098334729310.6826,19335.6343263578,1098334729310.6824,18648.04537320573,1.0,22359.80732787131,dry
15_33.jpg,0.9675474948688156,1.1409731901414095,2423.4767657068855,269752.72801138123,1.8007153799019608,663498981082.6069,17467.76743926947,663498981082.6069,16856.52765859332,1.0,20133.214225928954,dry
15_34.jpg,0.9635305699758444,1.161517580151423,2444.756498534073,265387.27275089815,1.7901056985294117,1275020271920.179,18024.955332076977,1275020271920.179,17313.83509053451,1.0,21195.080227089493,dry
15_35.jpg,0.9662436254987261,1.1480020964989084,2224.2875374251767,268323.57292581385,1.7971507352941176,1517438948303.3906,17510.93091947123,1517438948303.3906,16874.26848797703,1.0,20316.432641642587,dry
15_36.jpg,0.9662885295283995,1.1474017677869341,2374.8679606429314,268370.0516094838,1.797326899509804,1440455666437.8257,19188.866312964747,1440455666437.8257,18497.920530148418,1.0,22222.102566139354,dry
15_37.jpg,0.9652326111972948,1.153124859197802,2171.066798350753,267226.88983812765,1.794578737745098,1519247268506.2583,18186.06068584694,1519247268506.2583,17494.440674298196,1.0,21250.532089967848,dry
15_38.jpg,0.9660542795845515,1.1485834671320103,2182.5476822039664,268138.59370806743,1.796876531862745,733085907815.1383,18052.45509755327,733085907815.1383,17399.401967128575,1.0,20913.38579784015,dry
15_39.jpg,0.9672120597339118,1.142852141444107,2151.2664156449264,269392.48612199107,1.7998207720588235,1387241120518.4932,17576.179804236708,1387241120518.4932,16959.45359477233,1.0,20271.9196788477,dry
15_4.jpg,0.9653168596726001,1.152717823336184,2694.2669724415655,267336.45001538174,1.7948667279411765,827981540448.4291,17746.946308046776,827981540448.4291,17082.536188690035,1.0,20685.01452223146,dry
15_40.jpg,0.9676203692665765,1.1410703409378766,2314.804872289511,269823.02155902097,1.800796568627451,1046469160912.2207,18360.852872420455,1046469160912.2207,17725.786225991218,1.0,21134.646200717176,dry
15_5.jpg,0.9665486479726758,1.1463171820845943,2106.5598878679525,268630.4493922993,1.7978201593137255,2317363244091.3677,18647.77986870914,2317363244091.3677,17977.75440503873,1.0,21591.11592642494,dry
15_6.jpg,0.9671764450369622,1.143050621517948,2373.808917651901,269358.0601587107,1.7997594975490196,783098770734.8804,16572.677279355237,783098770734.8804,15993.88545780816,1.0,19105.25737840479,dry
15_7.jpg,0.9670864729838822,1.1439334861445145,2223.85504260757,269244.81651489297,1.7993826593137254,928082624053.9631,17828.75487120073,928082624053.9631,17199.902598596065,1.0,20587.077054473284,dry
15_8.jpg,0.9680082724781938,1.1390218323274028,1948.9230888260386,270247.6718064315,1.8018535539215685,595118469719.6512,17912.645950118284,595118469719.6512,17294.689887901433,1.0,20609.91402428178,dry
15_9.jpg,0.9664080677717306,1.146687677364675,2308.1237401995068,268516.7421880197,1.7977910539215685,920467152886.2932,17686.173553997214,920467152886.2932,17057.047734223146,1.0,20440.71728125047,dry
20_1.jpg,0.9718530279480252,1.121393455441111,2103.7930942224707,274435.5801727257,1.8113618259803919,854235469013.915,16051.33489154023,854235469013.915,15564.536561765277,1.0,18157.72172603786,dry
20_10.jpg,0.9705408304997514,1.1274908753661124,2021.0683091864894,272966.31881487044,1.807907475490196,1643828627674.3813,14544.157855239531,1643828627674.3813,14091.341937899102,1.0,16507.613403170584,dry
20_11.jpg,0.9699266491904815,1.1304616579904687,1998.1418048795915,272320.2189588089,1.8065134803921568,915830103018.5366,15976.310625163846,915830103018.5366,15460.47297325176,1.0,18223.703018109634,dry
20_12.jpg,0.9695603267439696,1.1318132109413486,2015.2445175578011,271929.15237238415,1.8056893382352943,1229713654177.3223,15179.242187429278,1229713654177.3223,14687.839147777137,1.0,17309.783739199953,dry
20_13.jpg,0.9693128912277004,1.1329458139472075,1941.5013455310723,271637.2349776324,1.8049080882352941,1434072037261.9414,14979.91993443326,1434072037261.9414,14497.559086847848,1.0,17072.91846908777,dry
20_14.jpg,0.969584718424459,1.1319523734885202,2096.118851391371,271934.01355097804,1.805575980392157,1153696533816.296,14988.653004453921,1153696533816.296,14505.739408880549,1.0,17092.40749653162,dry
20_15.jpg,0.9695716974362245,1.131766637093127,2072.9971072367875,271942.41311506927,1.8057215073529411,627789004647.6953,15495.139279451914,627789004647.6953,14989.272504312024,1.0,17694.91670546091,dry
20_16.jpg,0.9698939209105918,1.1305928170160588,2138.452769625472,272305.3876390492,1.8065579044117646,415465584029.5687,16032.2190948682,415465584029.5687,15516.916114342499,1.0,18273.465727035913,dry
20_17.jpg,0.9698174548309031,1.1314413422141598,2165.925848444453,272187.8655741629,1.806076899509804,941464081880.8687,15591.897246987384,941464081880.8687,15088.887721057563,1.0,17787.10594997357,dry
20_18.jpg,0.9701232253872245,1.12923080226128,2019.9926371463916,272558.6760453293,1.8071798406862745,508606861365.4359,15532.84633298715,508606861365.43585,15039.15019845994,1.0,17674.9314358684,dry
20_19.jpg,0.970487815556367,1.128018086710651,2149.5466793308433,272937.6033685033,1.8079197303921568,694645037915.6133,15439.901206551785,694645037915.6133,14952.136620590154,1.0,17564.519681913654,dry
20_2.jpg,0.9718974426560355,1.1212563462818346,2019.5917487198049,274480.1717045073,1.811450674019608,1276650191420.7866,15112.635870895396,1276650191420.7866,14659.507131378801,1.0,17074.47100352501,dry
20_20.jpg,0.969753233073486,1.131268202052259,2090.537075133199,272130.04646141705,1.8060431985294119,805658147107.0422,14903.253014492348,805658147107.0422,14425.185359759482,1.0,16981.44349576982,dry
20_21.jpg,0.9722288891221322,1.119987554250192,2255.252030244931,274868.3963226776,1.812423406862745,33808966521.736805,15968.70185149077,33808966521.736805,15488.414600467146,1.0,18052.592017762276,dry
20_22.jpg,0.9713645283887976,1.1238142343330344,2155.026572849959,273915.8891663179,1.8102435661764704,228449443518.18475,16535.81768887229,228449443518.18475,16022.163237265597,1.0,18765.446933940955,dry
20_23.jpg,0.9703323954160362,1.1285170400100595,2163.0417948528293,272774.2164506703,1.8076072303921569,457549532376.74335,15878.159534853043,457549532376.74335,15378.801730738007,1.0,18043.30086876204,dry
20_24.jpg,0.9697555102334534,1.1315952878288364,1976.965987969882,272136.100929805,1.8060554534313726,703871602608.4303,15552.85676287083,703871602608.4303,15048.89253129144,1.0,17755.314307923847,dry
20_25.jpg,0.9706694960591298,1.1273823125530968,2083.858126694561,273123.80966530007,1.8082935049019608,855495088968.1467,16442.274837260316,855495088968.1467,15929.527929133623,1.0,18667.22373021388,dry
20_26.jpg,0.9704085772959624,1.128569854892267,2117.2120136507283,272846.2106304428,1.807685355392157,711938050287.694,15838.200683843963,711938050287.694,15339.190540479789,1.0,18008.16580605161,dry
20_27.jpg,0.9698032621880726,1.1314059629598643,2150.7196302985344,272196.44152898074,1.8061994485294117,211988640720.5841,16674.710507405198,211988640720.5841,16137.336945117688,1.0,19020.83195914789,dry
20_28.jpg,0.9705862169848696,1.1275898794314279,2119.9199042649493,273048.5252492811,1.8081908700980391,448883887227.48303,16987.531647289692,448883887227.48303,16452.900696654146,1.0,19316.24736042367,dry
20_29.jpg,0.9687453884963072,1.136455079881336,2228.9907511973156,271027.36418081226,1.8034129901960785,925691388040.1013,16215.996070409321,925691388040.1013,15679.60020430832,1.0,18560.049247201507,dry
20_3.jpg,0.9719579266327456,1.1209356997854825,2151.8759399648293,274563.66416806186,1.8117049632352942,583393830640.7694,14496.286397788297,583393830640.7694,14063.084069502189,1.0,16370.295120536,dry
20_30.jpg,0.9704411607076394,1.1282312741623983,2080.764978392795,272881.72843201226,1.8077726715686275,982894048511.6707,15647.907731997268,982894048511.6707,15146.450457145831,1.0,17832.834460805956,dry
20_31.jpg,0.9696728751846329,1.131961372397746,2145.9267443887584,272046.25350693264,1.805844056372549,576840826705.9822,16801.501304253557,576840826705.9822,16252.718830656417,1.0,19194.127382274462,dry
20_32.jpg,0.9683955390154442,1.1374703118624998,2152.1279673945082,270606.2326650628,1.8023682598039215,1759224404931.7822,16422.120410989006,1759224404931.7822,15869.536896709711,1.0,18832.69985688708,dry
20_33.jpg,0.9697341525166479,1.1313349556943253,2191.315676860355,272113.7137008691,1.8060416666666668,737899703324.7534,17178.2197548549,737899703324.7534,16619.426139578227,1.0,19612.629817968827,dry
20_34.jpg,0.9692948554608456,1.1336233794215407,2011.6878074722615,271626.31829432433,1.8048743872549018,755266042474.2944,16963.875385518877,755266042474.2944,16404.403968418977,1.0,19404.578276939497,dry
20_35.jpg,0.969698338129016,1.1313835218741646,2132.1595841809703,272070.0368961261,1.8059114583333333,890295907869.9341,16433.468592299112,890295907869.9341,15906.253139951812,1.0,18723.589028754803,dry
20_36.jpg,0.9686944384684659,1.1362135243435865,2136.220543486416,271001.05758180935,1.8035416666666666,424617501571.91205,15584.085951145877,424617501571.91205,15061.874411443747,1.0,17863.553660274967,dry
20_37.jpg,0.9693125845607335,1.1335036590575231,2104.8075868227947,271677.55511023506,1.8050888480392155,135786604990.5339,17920.306525572745,135786604990.5339,17334.359296959836,1.0,20474.73838278377,dry
20_38.jpg,0.9686042980377356,1.1367292135404907,2220.48734900822,270888.4846703303,1.8032322303921569,475739997312.4336,17786.54681500377,475739997312.4336,17189.943805902913,1.0,20390.88547278022,dry
20_39.jpg,0.9688336911645256,1.1360703233935225,2223.0580107470983,271116.0209696751,1.8036213235294116,1307662532914.0776,16513.660976481522,1307662532914.0776,15964.610112219414,1.0,18908.565893191102,dry
20_4.jpg,0.9712339706099362,1.1241219893957233,2067.7953869336684,273753.7174754166,1.8098238357843137,973358289812.5774,13680.448612191898,973358289812.5774,13259.666377360583,1.0,15502.6965875069,dry
20_40.jpg,0.9694864451657569,1.1324647722003742,2068.000793008061,271843.98160315887,1.8054473039215686,797844004925.3065,17677.27571464112,797844004925.3065,17091.41859039509,1.0,20228.634110751475,dry
20_5.jpg,0.9714339508557901,1.123259770259103,1978.019682988378,273990.72680536873,1.8104151348039217,617732723788.8801,14986.19838858793,617732723788.8801,14533.60941849601,1.0,16941.603077468102,dry
20_6.jpg,0.9702828171043458,1.1285101708210818,1956.4465981278001,272721.3673694716,1.8075107230392158,1033889198460.4419,14696.187481673243,1033889198460.4419,14238.441557986498,1.0,16674.582805554535,dry
20_7.jpg,0.9710627599837689,1.1254878984533732,1970.6517308190328,273526.5472914756,1.8090992647058823,1083874461365.6074,14594.102653118498,1083874461365.6074,14150.933611445653,1.0,16518.872869659157,dry
20_8.jpg,0.9709022979118648,1.1260597205361138,2073.317779445772,273381.3727027868,1.808907781862745,516634622653.51733,15089.86295812985,516634622653.51733,14621.614107941405,1.0,17124.59853037919,dry
20_9.jpg,0.9703308592313478,1.128296311055236,2024.3019791867073,272783.0630751251,1.807683823529412,347502793511.11664,15982.14301616633,347502793511.11664,15479.081881804907,1.0,18161.045147376135,dry
25_1.jpg,0.9748439177663069,1.1079734512482033,1910.0881386608485,277761.02033136744,1.8189782475490195,193665530001.5996,18342.681563388047,193665530001.5996,17841.460397959116,1.0,20504.57974496943,medium
25_10.jpg,0.9724490999393448,1.1189675458404915,1862.726838822673,275096.04785655113,1.812892156862745,363322465940.9321,18383.698735821254,363322465940.9321,17831.371944118604,1.0,20778.70102765725,medium
25_11.jpg,0.9722836148251306,1.1198909853998582,1882.0145535738873,274918.8856055548,1.8124800857843137,312682272324.71246,18984.712623384192,312682272324.71246,18415.64172542109,1.0,21459.1018194334,medium
25_12.jpg,0.9724493403229101,1.1188621461141826,1904.487737303538,275087.1544283917,1.812826286764706,938118423189.3234,18140.49426694829,938118423189.3232,17595.8562982266,1.0,20498.844753493653,medium
25_13.jpg,0.9702951412323437,1.12877465886839,1891.1210692580894,272742.86433419434,1.8075551470588236,296578885993.1455,18717.38789475926,296578885993.1455,18121.832246920734,1.0,21308.854303950786,medium
25_14.jpg,0.9722645760225448,1.119628844220976,1793.986866286717,274885.53062099766,1.8124188112745097,997276534963.2026,17853.247896136516,997276534963.2026,17329.27350517184,1.0,20122.603367051503,medium
25_15.jpg,0.9712208971486639,1.124210487136807,1955.235546946074,273756.28170837316,1.809935661764706,321707011292.692,18320.07410028952,321707011292.692,17753.326702386665,1.0,20775.727985413338,medium
25_16.jpg,0.9722715137829706,1.1196669053675836,1880.2151138105928,274901.05520396086,1.8124295343137256,718474043228.2885,18496.145135662082,718474043228.2885,17943.429560266548,1.0,20888.423701442138,medium
25_17.jpg,0.9718643530251416,1.1213013046314124,1801.5331221764955,274461.7353137734,1.8115027573529412,625799935567.3723,18102.54770288869,625799935567.3723,17551.690959245738,1.0,20487.82044674788,medium
25_18.jpg,0.9711966064715662,1.1249758813267725,1808.0110390192058,273699.38576611364,1.8095863970588235,990419813553.4785,17091.60594412358,990419813553.4784,16559.35889246782,1.0,19406.214585969767,medium
25_19.jpg,0.9696676513978268,1.1319791218618702,1594.8458595037034,272037.0617486596,1.8057981004901962,1382839484969.034,16971.8989916304,1382839484969.034,16421.113033927082,1.0,19374.269098596473,medium
25_2.jpg,0.9744242157492475,1.1095020510827012,1859.5519329072208,277289.42035047396,1.8179427083333333,514053564243.3672,19128.834577595433,514053564243.3672,18593.16247550831,1.0,21432.264946631338,medium
25_20.jpg,0.9694837588804723,1.1331897588837319,1792.7557325231774,271818.998574375,1.805215992647059,1476290253077.4795,17679.306353326894,1476290253077.4795,17103.192308032827,1.0,20203.989339704643,medium
25_21.jpg,0.9728264406020357,1.116916338547323,1818.1480668060815,275519.2454616753,1.8139261642156863,557385272394.4222,17730.05988997067,557385272394.4222,17208.0584268289,1.0,19982.230483300882,medium
25_22.jpg,0.9720368259970502,1.1208211488721564,1980.053124420167,274635.0811690283,1.811798406862745,786378492350.5399,17864.755648140665,786378492350.5399,17326.583793334008,1.0,20197.023294827384,medium
25_23.jpg,0.9715971283145203,1.12208996953174,1908.1108325581995,274160.4346342134,1.8108547794117649,888293454409.3425,17517.27987569468,888293454409.3425,16988.288976099808,1.0,19790.83448355395,medium
25_24.jpg,0.9719436056325889,1.1208844699518192,1971.9807921573201,274522.7722423422,1.8115517769607843,1716683165674.5474,17202.77799677353,1716683165674.5474,16684.888114578305,1.0,19438.608576077793,medium
25_25.jpg,0.97080030691861,1.12626521926884,2058.7917735918704,273279.0760085812,1.8087178308823528,914798153649.5612,17226.043583638493,914798153649.5612,16683.531429778424,1.0,19577.87592206228,medium
25_26.jpg,0.9714039768811078,1.1230659886994299,1838.465030334926,273963.3022344322,1.8104473039215685,1108575068021.0806,18036.664643223237,1108575068021.0806,17488.682568851877,1.0,20400.56669407805,medium
25_27.jpg,0.9712723678818118,1.1241750520742073,1981.6215086752147,273791.93759992236,1.8098912377450982,1049460779045.8689,18186.51765046774,1049460779045.8689,17626.873786126678,1.0,20609.948521364364,medium
25_28.jpg,0.972049756872237,1.1205684882855178,1927.731205542903,274635.41690773785,1.8117723651960784,1834889765507.1538,18840.94926491415,1834889765507.1538,18263.670485401104,1.0,21338.628168558087,medium
25_29.jpg,0.9687313696469435,1.1362631774068734,1730.4750276167695,271020.764055671,1.803472732843137,1647580934444.5706,17345.129939320523,1647580934444.5706,16771.569552406414,1.0,19846.635015263724,medium
25_3.jpg,0.9723810154539118,1.118921467790344,1731.208929779386,275036.3566333473,1.812824754901961,523834150934.27155,17694.027894879306,523834150934.27155,17177.94126550127,1.0,19923.486140804464,medium
25_30.jpg,0.97144462169767,1.1233639086558633,1779.643950590635,273960.1910864754,1.810205269607843,1827819653251.162,17865.314234877274,1827819653251.162,17327.637733341562,1.0,20197.918380550374,medium
25_31.jpg,0.9710023443159981,1.1255815328533536,1959.1552455697047,273506.68028551457,1.809232536764706,982267485377.9847,19307.26626661309,982267485377.9847,18698.152640164964,1.0,21955.18400577884,medium
25_32.jpg,0.9717430281766286,1.1218290857678008,1981.2610933675517,274292.3374074064,1.8109880514705883,1691767389240.1787,17650.091107673776,1691767389240.1787,17114.400212633256,1.0,19972.392373513576,medium
25_33.jpg,0.9710363920999259,1.1250650918755725,1955.2683015096625,273534.22500170936,1.809327512254902,1557704244456.527,17573.288784512013,1557704244456.527,17029.42657577629,1.0,19928.39072091813,medium
25_34.jpg,0.9723909503602582,1.1185289361365223,1817.7437358853717,275037.15583330777,1.8128630514705881,853582164673.9065,18952.547452110146,853582164673.9065,18389.563095902427,1.0,21378.66427306298,medium
25_35.jpg,0.9713582030851993,1.1231762229757254,1912.1564499651072,273917.24724344956,1.8103507965686274,473866716661.78406,18380.655225272214,473866716661.78406,17811.470880504792,1.0,20838.183794505978,medium
25_36.jpg,0.9718539842588367,1.1212276299516537,1889.2666319276568,274446.1876317094,1.811484375,1209335618848.7795,18515.185594633185,1209335618848.7795,17951.999869186446,1.0,20951.86704837645,medium
25_37.jpg,0.9706869165286233,1.127159914357382,1805.0458030344496,273156.8039956277,1.808402267156863,1295946630714.1348,17639.55164808629,1295946630714.1348,17080.32728033872,1.0,20073.49618744029,medium
25_38.jpg,0.9709434595673412,1.1253765785329055,1904.0946515235162,273455.57202345016,1.8092264093137254,1100736640140.361,18130.525148790846,1100736640140.361,17559.410950337307,1.0,20609.07012020265,medium
25_39.jpg,0.9705415632663011,1.127712943501212,1895.4352660146074,272963.15558627446,1.8078400735294118,1465915632142.154,17566.564032114118,1465915632142.154,17020.968127825785,1.0,19927.126212444622,medium
25_4.jpg,0.9729933466047478,1.1161466425541418,1883.3888391529445,275692.8619431721,1.8142539828431372,1612530010703.6655,18244.511714944274,1612530010703.6655,17711.422890694696,1.0,20548.88368355994,medium
25_40.jpg,0.9713821967751348,1.1232829560575344,1783.8154512780595,273936.69736078306,1.810358455882353,964549153224.2013,17967.18814498093,964549153224.2013,17410.88113864934,1.0,20374.944763443673,medium
25_41.jpg,0.9749710153158495,1.1068651963185205,1838.759931291224,277915.69275476056,1.8194163602941176,235752249645.97845,18558.49419430462,235752249645.97845,18042.527055917082,1.0,20770.788017462055,medium
25_42.jpg,0.9734887780416575,1.1139693300097369,1890.4556285202684,276238.3814092448,1.8154917279411764,945045334893.7117,16961.634403762368,945045334893.7117,16459.09999602368,1.0,19134.985878536434,medium
25_43.jpg,0.9715196745993224,1.1232465621622465,1858.8584331812526,274081.3541482864,1.8105530024509806,600681358435.635,17589.222075159756,600681358435.635,17048.55753692695,1.0,19941.05009591406,medium
25_44.jpg,0.9730473022450171,1.1227272574611578,1806.8753609749929,275607.58516040584,1.8132368259803922,439252241075.0644,18777.55085339416,439252241075.0644,18206.647057867925,1.0,21698.01091386326,medium
25_45.jpg,0.9725184308982068,1.118403296467821,1962.3845011270885,275159.36615873186,1.8129764093137255,1123943530252.8955,17064.857266378676,1123943530252.8955,16555.927323553242,1.0,19267.05857774046,medium
25_46.jpg,0.9716461885707394,1.1223107595571107,1834.3646077423587,274213.35513617215,1.810905330882353,761254272147.71,17046.684236881636,761254272147.71,16529.61144014584,1.0,19284.780376915125,medium
25_47.jpg,0.970719931276714,1.1266844315340159,1647.2684058544437,273184.88649028755,1.8084865196078432,1321349821715.7456,17751.080802074008,1321349821715.7456,17185.348199522796,1.0,20213.176107575364,medium
25_48.jpg,0.9711216996602455,1.1252741733912988,1857.3438953998275,273632.68587215914,1.809499080882353,474090697911.79694,18463.730003779077,474090697911.79694,17878.470928789124,1.0,21021.196191210027,medium
25_49.jpg,0.9715482166769327,1.1230048432520063,1892.035210642477,274097.43507875083,1.810579044117647,533078055514.07336,17062.570320615174,533078055514.07336,16543.38200437922,1.0,19313.695375557778,medium
25_5.jpg,0.9710712743316032,1.1252618688013711,1961.5011535634335,273580.7791079309,1.809422487745098,558860326728.4777,18307.654232347413,558860326728.4777,17731.884150746257,1.0,20815.5698791296,medium
25_50.jpg,0.9708395479043581,1.1264827201191145,1841.7447859586105,273321.31867646717,1.8087882965686275,1083963711494.6141,18312.088318014925,1083963711494.6141,17730.486061737654,1.0,20848.49703967511,medium
25_51.jpg,0.971288324581919,1.1244342177473536,1673.7472027924987,273828.22000978666,1.8099632352941177,711136823538.9784,18902.089731783133,711136823538.9784,18303.331083899877,1.0,21524.70421508248,medium
25_52.jpg,0.9709093523829933,1.126051971661432,1864.749331389817,273403.3110141321,1.8090318627450979,982214191935.4824,18316.449439726137,982214191935.4824,17738.37459341895,1.0,20833.874411314493,medium
25_53.jpg,0.9695845531812284,1.1321658702690134,1795.5606131679488,271960.0315966526,1.8056985294117647,551502387856.9308,18530.030938966902,551502387856.9308,17929.08199346416,1.0,21145.174456786415,medium
25_54.jpg,0.9691946961110773,1.1343576927965182,1889.035350487091,271521.50135311414,1.8045879289215685,1171586599234.852,19195.67998553579,1171586599234.852,18558.077590667486,1.0,21988.804783089447,medium
25_55.jpg,0.9717610348888379,1.122039473308544,1892.528822712372,274317.29530924506,1.8110370710784314,1031869891250.4208,17911.036344615262,1031869891250.4207,17368.574265144263,1.0,20269.514554242345,medium
25_56.jpg,0.9727985030544423,1.11764655922489,1711.2695777203498,275456.5402675119,1.813549325980392,895296030844.5084,17335.264781774593,895296030844.5084,16810.632845039974,1.0,19618.072635674474,medium
25_57.jpg,0.9686620183296708,1.1368864857758818,1964.6154488754314,270894.1663474052,1.8028998161764707,2090179990565.6614,16633.39675626782,2090179990565.6614,16071.246114145104,1.0,19099.649833725445,medium
25_58.jpg,0.9702107305140434,1.129569247804968,1897.7284649546011,272629.13896908646,1.8071492034313725,686592807264.3066,18072.525607358013,686592807264.3066,17478.89227750635,1.0,20668.02075135251,medium
25_59.jpg,0.9719530170217713,1.121821353519372,1897.6187653493735,274538.1666780435,1.8114905024509804,490481893871.72876,18546.65154787477,490481893871.72876,17978.07152053452,1.0,21029.358220199592,medium
25_6.jpg,0.9719561042536083,1.1207930269578845,1885.1356409183577,274570.61165582674,1.811764705882353,684865112790.7672,17912.416630535798,684865112790.7672,17374.25636530902,1.0,20238.590066631557,medium
25_60.jpg,0.9719558235588106,1.12093199022424,1787.4077073208432,274564.15576518426,1.811749387254902,422698886076.9094,18408.046648557094,422698886076.9094,17851.37252592503,1.0,20823.622366400843,medium
25_61.jpg,0.9741243960320172,1.1110705473850138,1961.4789800468616,276956.8886908223,1.8171844362745098,311881066022.52106,17327.575218610087,311881066022.52106,16838.003717183674,1.0,19438.52422673342,medium
25_62.jpg,0.9719779459320718,1.1206022593221758,1969.482357936221,274575.26316010434,1.8117478553921569,541143227842.256,16968.554396073116,541143227842.256,16453.38174858677,1.0,19190.521198827893,medium
25_63.jpg,0.972470671429514,1.1185066886397503,1927.1086433816645,275118.68909876153,1.8129825367647059,1014033789573.5417,17880.705246395824,1014033789573.5417,17342.510429596718,1.0,20205.721651853466,medium
25_64.jpg,0.9732527786009638,1.1145410645320641,1762.4709696748282,275998.7937672504,1.8150873161764707,962055158577.5613,18540.03674576448,962055158577.5613,18000.657136421436,1.0,20860.421392988526,medium
25_65.jpg,0.9716844565247638,1.1220303134667853,1975.9724712786137,274261.15233422106,1.8110768995098037,744353404746.2904,18356.53738001633,744353404746.2904,17806.31777351406,1.0,20730.859176882816,medium
25_66.jpg,0.9720396024819744,1.1205508372571673,1823.8749965132097,274627.06438156596,1.811796875,1141370330212.0784,18636.57831655659,1141370330212.0784,18068.022526309316,1.0,21099.623566407034,medium
25_67.jpg,0.9725714420616638,1.1175832343063214,2001.4471517780844,275265.294329497,1.813466605392157,853224997567.4688,18986.217094056083,853224997567.4688,18427.630169572396,1.0,21391.380999059307,medium
25_68.jpg,0.9711550203529646,1.1240244661187022,2007.6753170458906,273661.0861589684,1.809658394607843,1278356730750.9712,17954.729421204578,1278356730750.9712,17387.629285640593,1.0,20405.608151008502,medium
25_69.jpg,0.9721281708689129,1.1200808406150096,1740.4081320044968,274734.2280649259,1.8120664828431374,1800733258730.037,18286.325971170827,1800733258730.037,17737.89238999152,1.0,20660.589967040458,medium
25_7.jpg,0.972414799655451,1.1188578488010756,1745.6242525709388,275047.6744594691,1.8127604166666664,1816906873050.1533,17310.877064139644,1816906873050.1533,16809.900085102025,1.0,19470.047719975024,medium
25_70.jpg,0.9705923029954154,1.1272308125038404,1977.2493063295121,273064.30734372605,1.8082919730392157,1109638707521.268,18862.244098604122,1109638707521.268,18253.060934477428,1.0,21506.54877865052,medium
25_71.jpg,0.9730363050847426,1.1158459619423264,2061.930620023305,275726.2188972036,1.8142846200980394,979355290155.7549,18360.75256332609,979355290155.7549,17824.408073514132,1.0,20672.066207119104,medium
25_72.jpg,0.9687072222921187,1.1364349883021814,2000.6566457068725,270990.02983760164,1.8034099264705883,815380142163.4299,18256.845248792568,815380142163.4299,17636.196192221563,1.0,20973.834681752636,medium
25_73.jpg,0.9705912516328477,1.1273840322748765,1913.4321186642633,273025.1994306378,1.8080453431372547,1440517230350.0073,17614.55209566955,1440517230350.0073,17051.67921346149,1.0,20056.543852227358,medium
25_74.jpg,0.969802417888413,1.1308563965121545,1942.244568625207,272187.4915151871,1.8062285539215686,975454660481.0366,18425.118580719492,975454660481.0366,17824.229734850785,1.0,21042.378744458856,medium
25_75.jpg,0.9697868540627872,1.1307595745808032,2233.0375030896807,272175.93990457186,1.8062607230392156,1263682625684.1646,17280.911311395066,1263682625684.1646,16716.345537648485,1.0,19733.026930233762,medium
25_76.jpg,0.9705833767978513,1.1272976361268836,2089.0549537539564,273047.513933801,1.8082613357843138,736984248975.4829,18667.542639849307,736984248975.4829,18055.95545135335,1.0,21328.070796401666,medium
25_77.jpg,0.971409805477037,1.123063738660886,2015.4248288483263,273957.91877737845,1.810402879901961,769953016899.469,18624.759283777566,769953016899.469,18044.5890779595,1.0,21132.525783437806,medium
25_78.jpg,0.970059658530283,1.1300335478530974,2216.328273110983,272468.2390651887,1.8068841911764706,576591848436.0823,18457.58742020509,576591848436.0823,17858.350428547546,1.0,21068.425605977092,medium
25_79.jpg,0.9654609951596049,1.1525416235689385,2084.28474508961,267410.7155018209,1.7946629901960787,2450342284221.225,18079.086406911927,2450342284221.225,17391.689488081876,1.0,21139.799635477782,medium
25_8.jpg,0.9711444950314867,1.124515732054931,1874.101858792406,273672.5222423192,1.8097227328431373,685683392383.4861,16829.551246531522,685683392383.4861,16312.967638076452,1.0,19062.713076368913,medium
25_80.jpg,0.9700102577028213,1.1296742730999183,2127.4713146478894,272416.30942987965,1.8068305759803924,788378151968.2805,19374.664105626936,788378151968.2805,18734.444935655018,1.0,22158.99591745307,medium
25_9.jpg,0.9734112189141227,1.1143345544059648,1796.5205658148197,276161.5132920407,1.8153308823529413,818593513504.284,17903.899139950478,818593513504.284,17396.33908410804,1.0,20087.523820600705,medium
30_1.jpg,0.9760796988314162,1.1025330034810301,1708.3537978996924,279132.3874908698,1.8219914215686273,269050163750.83206,16618.52183879611,269050163750.83206,16182.627302551442,1.0,18491.617325033832,medium
30_10.jpg,0.9742419257304324,1.1108145715797506,1631.0141389145056,277081.714512875,1.817391237745098,530996161490.151,18066.85340687135,530996161490.151,17581.447071369304,1.0,20160.515957987398,medium
30_11.jpg,0.9744667318022731,1.1092967044003021,1679.0286270394429,277321.9024058854,1.8179427083333333,1398731535377.6821,17328.303239160286,1398731535377.6821,16855.48790676219,1.0,19352.130496890604,medium
30_12.jpg,0.9725616796561044,1.14156285793283,1681.285191864,274847.25690874143,1.8104151348039217,583866448710.413,18385.459352033,583866448710.413,17828.504971376264,1.0,22296.58707634335,medium
30_13.jpg,0.9726560766753495,1.118081934487721,1567.0633110526871,275300.8944283038,1.8132368259803922,1174215443361.9539,17053.27168013418,1174215443361.9539,16560.59279213298,1.0,19183.20185075749,medium
30_14.jpg,0.9731524209180364,1.1158054263625372,1759.7000430751593,275867.60958362237,1.8146155024509805,709123986234.9253,17669.568584765195,709123986234.9253,17153.788177534847,1.0,19902.61037740644,medium
30_15.jpg,0.9755967057804711,1.1039781664959483,1681.1110718920318,278605.6480017107,1.8209635416666667,513195110781.44507,18519.15967500139,513195110781.44507,18035.169794676636,1.0,20585.222278489062,medium
30_16.jpg,0.9733098979505469,1.1152349545534768,1628.760287330761,276039.7582932636,1.8149724264705882,692100183395.6937,19019.082756294494,692100183395.6937,18464.444489852594,1.0,21448.19219570075,medium
30_17.jpg,0.9734322173680079,1.1144199264113221,1757.3005579783323,276168.62764645484,1.8152665441176472,1130911960559.484,17773.9592016492,1130911960559.484,17264.96798688846,1.0,19972.6740923982,medium
30_18.jpg,0.9721561017341515,1.1206194475473166,1718.7672252055327,274752.1242553114,1.8119148284313726,2240089404863.201,17482.557150546327,2240089404863.201,16951.9367040782,1.0,19789.818442706215,medium
30_19.jpg,0.9733442821508623,1.1152285209064345,1596.3977029316322,276073.9365536889,1.8149892769607845,708887869584.525,18571.890724048804,708887869584.525,18030.994371684003,1.0,20921.58532870229,medium
30_2.jpg,0.9747658034643489,1.1080677576684725,1892.537255177523,277673.7254288433,1.8188189338235294,202138980533.3621,18054.193497163942,202138980533.3621,17563.332566616416,1.0,20162.399670433915,medium
30_20.jpg,0.9729552070502074,1.1171902835694139,1590.1435453085373,275619.44778275123,1.8138786764705883,1452496895703.3901,18312.456904716448,1452496895703.3901,17775.087265229995,1.0,20682.032382939055,medium
30_21.jpg,0.9753065087944554,1.10616655345098,1783.9132983893537,278251.54054967826,1.8199371936274509,850033341539.4595,16856.29631359953,850033341539.4595,16391.316296520374,1.0,18863.249284212554,medium
30_22.jpg,0.9747373898366524,1.1081564617990751,1755.480342827688,277629.6028325522,1.818656556372549,800243950035.8401,18880.36759616896,800243950035.8401,18365.980235828723,1.0,21095.106448554943,medium
30_23.jpg,0.9740507236424853,1.1110484551540845,1663.2386441680896,276882.2434945857,1.8170695465686275,935767048135.2667,18327.162382504866,935767048135.2667,17819.309804977835,1.0,20504.046140909064,medium
30_24.jpg,0.973768671052077,1.1124003849333275,1718.1823752129442,276583.18671059737,1.8164276960784314,404811981357.85724,17689.599686814872,404811981357.85724,17201.28574884667,1.0,19785.039835783165,medium
30_25.jpg,0.9731008268169615,1.1156000687356307,1665.8095286453179,275820.4016259492,1.8145848651960783,768195864778.8848,18405.02205679064,768195864778.8848,17874.058472545683,1.0,20700.4537947133,medium
30_26.jpg,0.9715016798277508,1.1231842104667664,1801.867424125906,274060.0131263809,1.8105438112745098,846182074298.092,16875.207011738024,846182074298.092,16355.298804192464,1.0,19129.724072021596,medium
30_27.jpg,0.9751767053803515,1.1058099287358014,1697.3818879277223,278143.9228016456,1.819970894607843,488120336801.4878,18795.548240407246,488120336801.4878,18297.508847852478,1.0,20924.522147658332,medium
30_28.jpg,0.9725835121905461,1.1178934708145807,1687.8600093268444,275246.70102778403,1.8132598039215686,1436093232781.5823,17178.987509010876,1436093232781.5823,16679.710290423154,1.0,19328.12882262438,medium
30_29.jpg,0.9735285733433174,1.113955787482018,1760.4045224990234,276274.2206195773,1.8154901960784315,1586402029895.936,16951.654025722022,1586402029895.936,16474.99543598895,1.0,19004.008909390774,medium
30_3.jpg,0.9732072158182822,1.1159234452849192,1764.8591860735314,275917.91651710845,1.8146139705882351,658566034572.6295,17609.77908862356,658566034572.6295,17113.296978182843,1.0,19757.51984951052,medium
30_30.jpg,0.9753009270338083,1.10557457055605,1746.5965328674042,278274.1248172944,1.8201792279411764,159860546213.8999,18894.51183016178,159860546213.8999,18381.97125851024,1.0,21095.532175565368,medium
30_31.jpg,0.9740510754084045,1.111109254013569,1785.3823909038852,276864.44141614175,1.8169362745098039,1348990815188.9565,17275.076103899824,1348990815188.9565,16791.130983141335,1.0,19352.191431984676,medium
30_32.jpg,0.973577813293115,1.1135254422891547,1649.0049090405607,276358.1027667694,1.815828737745098,396481055392.8696,17346.007263394567,396481055392.8696,16854.369494448285,1.0,19464.900333334288,medium
30_33.jpg,0.9738292606510015,1.112315642673889,1735.766901859619,276627.88400450634,1.816418504901961,801145090220.2263,17604.790236073044,801145090220.2263,17116.020713105383,1.0,19703.863167791922,medium
30_34.jpg,0.973428343547375,1.1141113709527408,1686.45075189234,276193.46502287354,1.815454963235294,194037795240.37903,17246.64966964467,194037795240.37903,16763.03493301016,1.0,19330.35239333617,medium
30_35.jpg,0.9714529150598739,1.1232369325570712,1816.9240317575234,274006.56827652256,1.8104641544117648,482258338748.5667,18088.734736219638,482258338748.5667,17533.669409846934,1.0,20493.10474817079,medium
30_36.jpg,0.9722045430850605,1.1199696370246983,1784.6699429310088,274816.3817643278,1.8122319240196079,997536609373.3243,16990.115920256983,997536609373.3243,16486.323339172654,1.0,19174.309542437542,medium
30_37.jpg,0.9729102561049373,1.1166907494556608,1588.875785088496,275607.40441491944,1.8140870098039217,827562217394.2107,17786.508416215504,827562217394.2107,17284.931869143104,1.0,19949.319689844746,medium
30_38.jpg,0.9733186316744691,1.1147184229376748,1713.529359712566,276040.9026007699,1.8149754901960784,1519097819365.3362,18357.53406593782,1519097819365.3362,17833.16950218456,1.0,20620.30221847019,medium
30_39.jpg,0.9723401323582979,1.119265164404174,1737.0654700304865,274958.9442437002,1.8124999999999998,1665401635204.6104,18039.724727519817,1665401635204.6104,17503.05494966321,1.0,20361.887660195156,medium
30_4.jpg,0.9740695016710041,1.1112240030378275,1649.0717720896375,276879.13823711267,1.8169362745098039,1146642048130.1052,17594.42419080236,1146642048130.1052,17093.973345823484,1.0,19754.64274283291,medium
30_40.jpg,0.9730068724799105,1.1166364700196671,1762.4655197190268,275701.7810890324,1.8141712622549018,1089249507740.7717,17487.945575361777,1089249507740.7717,16987.82418436936,1.0,19653.486055071822,medium
30_5.jpg,0.9733339015523174,1.1147522714046758,1690.6656523476581,276089.4317470019,1.8152113970588237,548521556908.94147,18299.43448007141,548521556908.94147,17768.07977377797,1.0,20607.429306340327,medium
30_6.jpg,0.972386608850843,1.119343062343947,1836.1063817634647,275023.36029314593,1.8126853553921567,743610375673.234,17993.87734043029,743610375673.234,17453.940341474434,1.0,20341.047642538473,medium
30_7.jpg,0.975727722365485,1.1039636853756736,1579.3248171724085,278731.1117286625,1.8211029411764705,900052070947.6423,17387.58850891632,900052070947.6423,16940.146737450366,1.0,19310.43345006397,medium
30_8.jpg,0.9715624117754411,1.1228992395272768,1668.7507150731244,274129.142212001,1.8106939338235295,972989137276.9021,17157.884402769396,972989137276.9021,16650.155294072723,1.0,19357.07129028019,medium
30_9.jpg,0.9738369237275754,1.1123617221843358,1705.6479012948655,276613.55895123375,1.8162607230392156,1197852715621.5596,17249.803296889095,1197852715621.5596,16770.969533006115,1.0,19312.1643494915,medium
35_1.jpg,0.9747171634536116,1.1082393376842554,1739.076480273198,277619.96043437195,1.818684129901961,429539040178.19806,18616.623313931865,429539040178.19806,18105.3127182999,1.0,20818.417180295954,medium
35_10.jpg,0.9729369559996656,1.1164753244309347,1812.8011815222744,275640.74097092997,1.8141666666666665,937421542232.4131,18600.332320132053,937421542232.413,18064.052115871644,1.0,20914.99239747279,medium
35_11.jpg,0.9751655743846421,1.1065301660562086,1582.927147031467,278103.9310978902,1.8196966911764705,614579574949.2329,18079.20170555514,614579574949.2329,17597.390976472543,1.0,20163.304523360155,medium
35_12.jpg,0.9734679260514006,1.1141748576788837,1754.4291236152003,276219.69160207926,1.8154304534313725,1181263381690.1929,17822.38973703345,1181263381690.1929,17307.578201504693,1.0,20049.248852553566,medium
35_13.jpg,0.9735713369828819,1.1170576710228786,1754.9249199210144,276261.37471503264,1.8151485906862745,438783240792.67053,17515.091987381827,438783240792.67053,17023.98168394983,1.0,19855.251661370185,medium
35_14.jpg,0.9732910257375316,1.1151442285080553,1664.858904448508,276017.7555323625,1.8149356617647059,438906307973.28265,17584.995262694072,438906307973.28265,17087.896564537205,1.0,19729.811392036103,medium
35_15.jpg,0.9720093304464063,1.1206958569847218,1723.3843713108777,274610.31999699224,1.8117892156862743,930229538783.6946,17887.864380285966,930229538783.6946,17362.03259124904,1.0,20162.112769650055,medium
35_16.jpg,0.9736882931192878,1.112750891640579,1737.1047186284923,276471.19481114973,1.8160814950980393,986911048733.784,18761.384414580483,986911048733.784,18230.177560691172,1.0,21045.728258565592,medium
35_17.jpg,0.973616953795592,1.113586307164493,1765.143183477733,276385.00009571505,1.8158057598039217,978701529479.7886,17003.878491462478,978701529479.7886,16522.578294219355,1.0,19091.09097403838,medium
35_18.jpg,0.9725704961401539,1.1261282399140928,1489.1931288017272,275031.05890058103,1.8114966299019608,566462150730.648,20567.501155589656,566462150730.648,19918.805335561974,1.0,23890.244246643706,medium
35_19.jpg,0.9735673864707278,1.113326310774828,1800.7265405464307,276341.5145532498,1.815793504901961,961923181982.1667,18056.294058622996,961923181982.1667,17539.660028844028,1.0,20276.19645704487,medium
35_2.jpg,0.9732922519579451,1.114883095402223,1763.511656131226,276034.2030055481,1.8150704656862744,810149870225.8955,17370.210749915226,810149870225.8955,16880.877925765606,1.0,19480.473019563156,medium
35_20.jpg,0.9729183601737553,1.116768175651601,1668.2657023529637,275598.46234941465,1.8139644607843137,869955661034.2295,16947.847097184655,869955661034.2295,16456.011585472545,1.0,19087.342925946934,medium
35_21.jpg,0.9742018925048965,1.110463474454289,1705.8439892564716,277053.2978752431,1.817452512254902,320295611421.95654,18766.155110680018,320295611421.95654,18234.47592145286,1.0,21058.200653076085,medium
35_22.jpg,0.975230497636137,1.105957376352133,1684.5607990582457,278190.0901025617,1.8199785539215687,303015091610.76086,18325.258384960987,303015091610.76086,17842.423339672125,1.0,20400.356346579403,medium
35_23.jpg,0.9747448700805312,1.1083161804893151,1704.4325966771173,277641.0298728591,1.8186795343137254,505386798478.9073,18404.41772886616,505386798478.9073,17899.27293399169,1.0,20589.15495868642,medium
35_24.jpg,0.9736309224353557,1.1134997422803994,1909.0208308249075,276387.50547776814,1.8157536764705884,725698172753.3442,17299.005841002327,725698172753.3442,16812.343759902404,1.0,19401.904214227186,medium
35_25.jpg,0.9740662692881774,1.1116902288016985,1773.7471430791156,276883.86650380073,1.8169102328431372,657731715025.1422,18079.799746563345,657731715025.1422,17575.17254595233,1.0,20261.203298942568,medium
35_26.jpg,0.9740592680297685,1.1110636271913445,1667.7698483910456,276900.56743015285,1.817123161764706,396265146861.4699,17172.275132727482,396265146861.4699,16703.792257984675,1.0,19185.085537697414,medium
35_27.jpg,0.973439254966368,1.1137468725140198,1687.3523784855588,276215.30238381756,1.8155882352941175,700259001582.4005,18444.37113278477,700259001582.4005,17915.415798296402,1.0,20712.892003282755,medium
35_28.jpg,0.975831934027118,1.1032957625814404,1708.4475387794423,278860.1138487182,1.8214583333333334,302769222073.20795,17035.82119206523,302769222073.20795,16597.656232199563,1.0,18911.4576553236,medium
35_29.jpg,0.9748943846614689,1.1082158842819854,1647.8016813884587,277799.9739129356,1.8189276960784313,362106484524.344,17215.98087902691,362106484524.344,16755.140552140485,1.0,19215.75248317376,medium
35_3.jpg,0.9737925147063894,1.1124988625148358,1785.4426187357574,276598.0997997117,1.8163878676470588,236145134853.7857,18168.96303523342,236145134853.7857,17666.642093614908,1.0,20326.999780148428,medium
35_30.jpg,0.974928034169459,1.1071936552136965,1792.6970958086736,277848.61295469303,1.8192064950980391,698947341920.5696,17648.755218777194,698947341920.5696,17176.790776062997,1.0,19671.601749681315,medium
35_31.jpg,0.9737615461746993,1.1124451037550123,1736.1359551244889,276562.36805235577,1.816338848039216,522830055499.49054,17770.1051227095,522830055499.49054,17272.95117959535,1.0,19909.12254025716,medium
35_32.jpg,0.9750590426766067,1.1072945857734808,1607.0095082782805,277977.44857063063,1.8193795955882353,479915907621.6857,17883.746475375454,479915907621.6857,17408.998791947193,1.0,19962.797805921316,medium
35_33.jpg,0.974851978311271,1.1079656944352296,1706.8037729828347,277756.61664911854,1.8189123774509803,471633858801.05444,17834.6171406781,471633858801.05444,17350.92648015335,1.0,19930.17163718396,medium
35_34.jpg,0.9763416125711262,1.100957457278382,1692.1343900512206,279435.5205511822,1.8227787990196078,336166440902.0853,18290.041794330937,336166440902.0853,17816.4740622139,1.0,20329.308719907764,medium
35_35.jpg,0.9737282884219436,1.1166783300868313,1592.1825298787478,276428.4762050577,1.8154335171568625,759427404738.949,18177.845570134756,759427404738.949,17657.87872211032,1.0,20651.042861784343,medium
35_36.jpg,0.975103686996887,1.106613555744389,1756.5080059052527,278048.01258533826,1.8196354166666668,294686413222.70496,18330.608046660425,294686413222.70496,17841.366467012784,1.0,20433.102988139755,medium
35_37.jpg,0.9748562681323953,1.1075113610062042,1662.9420477026033,277771.48144911986,1.8190425857843138,1086232088187.0828,17672.616210430413,1086232088187.0828,17200.933251376337,1.0,19692.15971351634,medium
35_38.jpg,0.9754112462356974,1.105105305839329,1766.3493900892504,278370.9318263623,1.820314031862745,892032351702.2406,17273.856457061273,892032351702.2406,16820.62160421987,1.0,19219.334626757834,medium
35_39.jpg,0.97396663992638,1.1122481999762002,1723.9897316517604,276761.8924140849,1.81664368872549,1433526506468.8054,18662.68158359842,1433526506468.8054,18136.547117763897,1.0,20977.835949810018,medium
35_4.jpg,0.9758966075133377,1.1027564684312854,1732.0222551863772,278928.12199030834,1.8216191789215685,672682035933.7383,17411.25717939991,672682035933.7383,16964.7085889186,1.0,19321.536939510846,medium
35_40.jpg,0.9755329287835439,1.104398587225234,1602.7389831390888,278514.53277475253,1.8206632965686276,1186247133732.7236,17262.583162285737,1186247133732.7236,16805.968601059627,1.0,19217.227934125232,medium
35_5.jpg,0.9743679784957154,1.110400248415149,1667.7762547257248,277198.58513635525,1.8175229779411763,1390823072328.8936,18340.313701692437,1390823072328.8936,17827.243678608753,1.0,20576.412032528875,medium
35_6.jpg,0.9741582243848743,1.111023411855193,1769.3520846799408,276971.793356504,1.8170833333333332,935827819108.8491,17687.351291408093,935827819108.8491,17202.442547391256,1.0,19777.012927117685,medium
35_7.jpg,0.9735111864502272,1.114659650380656,1649.3355223732287,276235.7822380167,1.815344669117647,869063644325.6454,17151.607890892497,869063644325.6454,16663.589983425692,1.0,19333.147285790215,medium
35_8.jpg,0.9737374145404711,1.1129005857607266,1721.4607052295064,276497.17051509727,1.8159757965686274,1029253531273.1029,17503.308309623728,1029253531273.1029,17015.441836730544,1.0,19609.943528463093,medium
35_9.jpg,0.9723308075841386,1.1196390613700062,1749.2434221300553,274955.6811044462,1.8124892769607843,1090111551705.959,16724.918631180866,1090111551705.959,16225.119483726261,1.0,18903.9139685226,medium
40_1.jpg,0.9784082512696984,1.0917904176389308,1619.821246884924,281758.4173383485,1.8279672181372548,134084371345.73228,18479.626551861034,134084371345.73228,18036.5855247727,1.0,20380.857326084315,wet
40_10.jpg,0.9731500473314122,1.11500560265429,1728.8274777272081,275892.6690979281,1.8148697916666665,582378263424.5916,18869.742645424056,582378263424.5916,18320.83453158548,1.0,21234.580057223997,wet
40_11.jpg,0.9753059089135449,1.1059921355433775,1615.98348324671,278254.5376261944,1.820013786764706,1228799930285.281,17104.722136540542,1228799930285.281,16639.433456624756,1.0,19137.59202992903,wet
40_12.jpg,0.9732700556779597,1.11494162390554,1721.1472568312106,275995.5071682737,1.8149433210784314,1308065276505.3496,16999.662625784513,1308065276505.3496,16508.76152236689,1.0,19132.778162096794,wet
40_13.jpg,0.9755502534280995,1.1046310843054545,1617.4145227455692,278512.79945564276,1.8205545343137255,967624338170.0535,16989.738026254792,967624338170.0535,16533.43709484476,1.0,18966.43632059649,wet
40_14.jpg,0.9713956662327221,1.1251124586377625,1710.6828441436314,273886.4508851761,1.8098560049019607,1201820282028.5518,17817.757980623748,1201820282028.5518,17269.777334375998,1.0,20289.45233933336,wet
40_15.jpg,0.9744021497988056,1.1100764198536983,1700.7936148545803,277248.6301598535,1.817715992647059,943948342714.7281,18017.290607154828,943948342714.7281,17518.30667440798,1.0,20179.85266382683,wet
40_16.jpg,0.9737774449989929,1.1130026586404624,1622.5060899711207,276560.2061087838,1.816184129901961,1180874937603.3958,16304.668957842434,1180874937603.3958,15857.522662841668,1.0,18262.25722003934,wet
40_17.jpg,0.9755289049103503,1.104715813947378,1670.4839738710798,278517.3240385032,1.8207046568627452,622532919685.9634,15769.392458882225,622532919685.9634,15353.700021819699,1.0,17578.794634379927,wet
40_18.jpg,0.9736253398530503,1.1140353977194124,1625.6900926118906,276364.46842846007,1.815625,1020902010090.282,18855.467113537004,1020902010090.2819,18299.881222743068,1.0,21300.221756729876,wet
40_19.jpg,0.9731605838408557,1.1150260523544533,1727.350121236346,275905.1114425387,1.814894301470588,633248584098.575,17174.95307832171,633248584098.575,16677.67673508764,1.0,19319.860145733168,wet
40_2.jpg,0.9762284530618619,1.101498382587773,1717.2494048115173,279308.202182867,1.822510723039216,294225741219.4502,16841.2706356895,294225741219.4502,16397.50477844525,1.0,18761.92390965509,wet
40_20.jpg,0.9729200198088461,1.1164337513728904,1722.2116391932673,275618.6623367094,1.8141237745098038,768297021459.6913,17119.049675543385,768297021459.6913,16627.829248974216,1.0,19242.400905463277,wet
40_21.jpg,0.9777032091917837,1.095112377275065,1683.8486465740752,280953.2440457937,1.826155024509804,192973321558.4866,17583.55334755467,192973321558.4866,17148.398592488393,1.0,19473.041574182855,wet
40_22.jpg,0.9745245790884303,1.108984342423467,1713.784922110879,277401.1439594639,1.8181801470588237,808997492497.7074,16459.886507565607,808997492497.7074,16010.389111462555,1.0,18386.92581074658,wet
40_23.jpg,0.9744544678701391,1.1120023992587562,1701.0306363566524,277258.6042846737,1.817406556372549,463569423852.9477,17254.518194577722,463569423852.9477,16774.651842651725,1.0,19465.85710179373,wet
40_24.jpg,0.9733235935913676,1.1144588502993835,1632.9626910580341,276052.8410847817,1.815079656862745,1206883670641.6208,17634.358995170256,1206883670641.6208,17126.00776847013,1.0,19822.193114199843,wet
40_25.jpg,0.9757782698299733,1.103752830683465,1683.010336800373,278794.4158374451,1.8212637867647057,538314400548.10126,17101.87106635824,538314400548.10126,16661.12936117816,1.0,19011.48503138308,wet
40_26.jpg,0.9727524697585747,1.1170188085038906,1673.9585198804964,275440.5049843066,1.8137607230392159,717776427086.0095,16871.782179732138,717776427086.0095,16383.120837308104,1.0,18981.84506901361,wet
40_27.jpg,0.9728614602968066,1.1168019997545504,1692.6910636758676,275556.1984806467,1.813967524509804,895088817280.9851,16607.45198717935,895088817280.9851,16133.704163159102,1.0,18658.29975654148,wet
40_28.jpg,0.9737562577864699,1.1123872231856926,1768.1017701692433,276538.49441343383,1.8162071078431372,1189219734992.39,17159.643061768053,1189219734992.39,16676.52473205659,1.0,19233.961296088706,wet
40_29.jpg,0.9750294796924028,1.107423671408574,1587.895721689199,277943.9956198535,1.819280024509804,328426650226.646,17762.140961801048,328426650226.646,17283.063085186684,1.0,19840.056112025217,wet
40_3.jpg,0.9731707803847676,1.1150010600862197,1757.5795092603316,275917.4898777756,1.8149080882352941,354499300510.90247,17504.87462998939,354499300510.90247,17002.933706649223,1.0,19664.919480041717,wet
40_30.jpg,0.9737510224447145,1.1129349522773315,1663.4821466914025,276539.40865339164,1.8161948529411767,919204142149.8365,17724.659292819415,919204142149.8365,17230.895126214775,1.0,19874.615018273882,wet
40_31.jpg,0.9761830574232875,1.1022536850881381,1575.1210394770258,279234.7224556093,1.8221936274509805,470704091862.956,18004.799716484747,470704091862.956,17542.69482069864,1.0,20011.071382758826,wet
40_32.jpg,0.9734538463151977,1.114054642144814,1669.7590230004066,276213.7906883855,1.8154718137254902,632899202098.6799,18298.06767847749,632899202098.6799,17776.842387139248,1.0,20549.92797127978,wet
40_33.jpg,0.9726736430202179,1.1178283431866667,1630.269442300226,275343.67416629306,1.8134604779411765,734819465493.938,16383.386833944242,734819465493.938,15912.841591691207,1.0,18430.664314849048,wet
40_34.jpg,0.9732566297332508,1.1153668269991401,1828.774737223984,275994.5224133269,1.8149295343137255,388258553385.1637,18286.738624996106,388258553385.1637,17753.263964072245,1.0,20614.905876415658,wet
40_35.jpg,0.9737081236968114,1.1133866170249673,1642.0764657370985,276464.58027070516,1.8158854166666665,944761311602.8511,16808.70679426108,944761311602.8511,16329.992568567333,1.0,18898.49997462297,wet
40_36.jpg,0.9729161119358762,1.1173149542993175,1731.9780143477178,275578.01983428013,1.8137852328431374,1655205736172.3062,18334.323919196508,1655205736172.3062,17788.199719130756,1.0,20727.305661966377,wet
40_37.jpg,0.97103465235252,1.1253657815417282,1708.370414898155,273531.5826558905,1.809281556372549,931365746194.4259,17842.699460625234,931365746194.4259,17287.47729408931,1.0,20263.181021866152,wet
40_38.jpg,0.9753410821818005,1.105400902131656,1682.6106685851978,278309.0355668004,1.8202374387254903,530165211181.5486,17925.17284708511,530165211181.5486,17449.056721529116,1.0,19974.946841350822,wet
40_39.jpg,0.9728740383465517,1.1164632478817977,1783.3071971778743,275591.0172938173,1.8141467524509804,405322209367.6345,18373.431646138142,405322209367.6345,17835.40799691894,1.0,20692.69423414551,wet
40_4.jpg,0.9751518052945072,1.1066089050135641,1710.178216660473,278077.1312911345,1.8195986519607843,799684747927.0659,16639.209604196847,799684747927.0659,16189.389223914528,1.0,18591.495465021788,wet
40_40.jpg,0.9750295048379004,1.1065362173131141,1654.7881660614667,277970.37092403043,1.8195358455882353,833584243794.3148,17651.16077377357,833584243794.3148,17179.507298773384,1.0,19667.28462032857,wet
40_5.jpg,0.9735582356131787,1.113456684854526,1636.3134728931236,276313.48852393136,1.81562806372549,1501766918613.2188,15223.12220023657,1501766918613.2188,14803.137413368728,1.0,17028.508221455217,wet
40_6.jpg,0.9734004410394398,1.1153302695611411,1632.4084483415777,276117.5512479881,1.8150199142156862,903068278111.7089,17888.026814670688,903068278111.7089,17369.166473063648,1.0,20179.32725220287,wet
40_7.jpg,0.9737141911792158,1.1130325462204493,1763.3880218199736,276497.27912330965,1.8161151960784314,362737114788.9191,17913.241667788516,362737114788.9191,17409.482565948452,1.0,20092.719761998247,wet
40_8.jpg,0.9741995047851575,1.1105728897320792,1670.48071288627,277035.6590033923,1.817328431372549,1517128145172.2222,16891.609975286017,1517128145172.2222,16422.169658579078,1.0,18918.18845685332,wet
40_9.jpg,0.9722451896585049,1.1196255209469468,1742.5456748854397,274889.99237081496,1.8124908088235294,329664169564.04535,18255.618580478604,329664169564.04535,17720.51850432945,1.0,20573.43367123928,wet
45_1.jpg,0.9732492035902145,1.115229648943361,1756.5691470766517,275988.25588848046,1.8149647671568627,329210210723.07666,16897.316409002542,329210210723.07666,16407.91257778371,1.0,19018.982243793744,wet
45_10.jpg,0.9721980025993703,1.1203093892148301,1801.5947835113213,274812.9469180616,1.8122135416666667,473378096377.6822,18620.85041029589,473378096377.6821,18064.64338181567,1.0,21042.199948417932,wet
45_11.jpg,0.9702972688227234,1.1289859901459656,1726.0286789865372,272718.25762641337,1.8073743872549017,1364488928390.0522,16550.324511819716,1364488928390.0522,16022.178705321321,1.0,18853.723629544656,wet
45_12.jpg,0.9707474864609997,1.1268604597403002,1768.028455915875,273186.959671489,1.8083379289215684,1812550454226.2822,16954.09329343094,1812550454226.2822,16414.825968709734,1.0,19311.419712025076,wet
45_13.jpg,0.9696054309216331,1.132194317130807,1732.4198822623189,271957.72147582297,1.8056020220588236,1035267730292.9232,16405.178979662243,1035267730292.9232,15871.93434029915,1.0,18746.67379098732,wet
45_14.jpg,0.9701132535786166,1.1293852272203722,1687.1807868729434,272524.2997977064,1.8070052083333332,1449522947461.4453,17201.378881664008,1449522947461.4453,16668.051678373464,1.0,19512.299553221947,wet
45_15.jpg,0.9703341756504158,1.1286130365476517,1818.762190465955,272719.1629240847,1.807234987745098,2636418224143.6187,18110.449949184098,2636418224143.6187,17533.94072964468,1.0,20618.6549067866,wet
45_16.jpg,0.9702379439535009,1.128760419654077,1824.4748016071367,272685.4742154935,1.8074770220588237,364488554164.38184,16667.09678891721,364488554164.38184,16132.918664984434,1.0,18994.791577591488,wet
45_17.jpg,0.9724384358650867,1.1193913755357618,1596.5021394642806,275041.33092720876,1.8126118259803923,1665025168070.5925,17679.113912344,1665025168070.5925,17152.774421364073,1.0,20008.166173382968,wet
45_18.jpg,0.9711687981715529,1.124277868647448,1700.7271932085769,273680.0378980225,1.8096599264705882,1642029055930.953,14627.838324695755,1642029055930.953,14181.837476088142,1.0,16554.64570098209,wet
45_19.jpg,0.9713367163459735,1.124353385832197,1651.7645108041784,273850.6600700013,1.8099034926470587,871836863542.1249,16542.190153237803,871836863542.1249,16047.277095454248,1.0,18695.69013575811,wet
45_2.jpg,0.9718885275859596,1.1219748154940525,1796.849295558521,274470.2633960515,1.8113817401960786,541306902554.1342,15904.757784563197,541306902554.1342,15413.495114698335,1.0,18055.59484705134,wet
45_20.jpg,0.9695576944497787,1.1323687781392073,1742.1154946766305,271921.81148688984,1.8055407475490197,1349228149632.044,16961.670081494627,1349228149632.044,16393.556831067977,1.0,19444.032324618078,wet
45_21.jpg,0.9773195524100691,1.0962838840434157,1764.914629933758,280536.9173312179,1.8253216911764705,100708895117.49513,15341.487988649824,100708895117.49513,14968.098727563945,1.0,16930.986470165495,wet
45_22.jpg,0.9725503378587322,1.1181118176706746,1722.1592033351167,275222.40726713743,1.813279718137255,802639721744.3365,17235.065226704086,802639721744.3365,16728.763810782384,1.0,19420.62759254754,wet
45_23.jpg,0.9726713307665821,1.1180241142838363,1759.5319254158785,275333.93838521803,1.813377757352941,709598151309.7847,17534.756100876897,709598151309.7847,17018.31915132648,1.0,19786.16355430255,wet
45_24.jpg,0.9708929226677308,1.1262506660968863,1694.2305880068,273377.8829193606,1.808923100490196,753757362088.4714,17091.408417556166,753757362088.4714,16544.001911830208,1.0,19492.863635372225,wet
45_25.jpg,0.9735422073373526,1.1140283680014542,1642.8880202402993,276286.9150695655,1.8155223651960783,1198139672451.9219,16918.79880398358,1198139672451.9219,16430.828891751025,1.0,19033.747615845867,wet
45_26.jpg,0.971413261989132,1.1233165650354842,1808.5250494898846,273965.3472710196,1.8103462009803921,896874693833.6566,16397.299264441466,896874693833.6566,15900.113424958687,1.0,18546.931879897125,wet
45_27.jpg,0.9714651982409386,1.123274312794784,1850.132996761335,274026.9032834356,1.810500919117647,769831510847.6853,15877.130193129162,769831510847.6853,15391.039319211348,1.0,17985.10567002087,wet
45_28.jpg,0.9725956839250476,1.1177892377316736,1775.236555504845,275277.52761657955,1.8134022671568628,557609021116.2461,16193.482098953049,557609021116.2461,15712.552799344701,1.0,18267.280511217432,wet
45_29.jpg,0.9731835520723858,1.1156794146764268,1657.759643516165,275902.4448304476,1.8146920955882353,430477986674.1304,17558.096676482386,430477986674.1304,17045.596619267442,1.0,19786.699360138387,wet
45_3.jpg,0.9723782575544282,1.1192720560213272,1657.127423731649,274990.7799139114,1.8124999999999998,1664861401790.6626,15545.683930864638,1664861401790.6626,15087.285937860279,1.0,17542.997094508304,wet
45_30.jpg,0.9726655880123789,1.117982485202417,1828.2097985970356,275313.4614471661,1.8132797181372549,1140389072751.774,15862.22334916914,1140389072751.774,15397.777113678634,1.0,17874.942267836806,wet
45_31.jpg,0.9749032258396535,1.109148495387714,1725.6594012894666,277770.4914830876,1.8186856617647058,598007407386.0007,16398.807141260135,598007407386.0007,15947.952958768463,1.0,18431.401500305816,wet
45_32.jpg,0.973666281662686,1.1130916543832503,1698.5602381484625,276437.4055992083,1.815952818627451,683274397782.1792,18519.65253202512,683274397782.1792,17990.88376536696,1.0,20799.06850023125,wet
45_33.jpg,0.9711242743646876,1.1251213616070386,1767.3978277517622,273640.8740563046,1.8095496323529412,457141210269.87683,18621.21499276558,457141210269.87683,18032.268849576594,1.0,21189.420486154893,wet
45_34.jpg,0.973425584738107,1.1172732032324797,1712.522751355292,276103.50030434,1.8147855392156864,894761580131.2524,18107.624822885657,894761580131.2524,17569.995699038984,1.0,20662.838400606626,wet
45_35.jpg,0.9722175882855199,1.1322860872355882,1645.3931374296817,274577.0279807699,1.8103155637254902,1150834799323.3757,15726.556673361378,1150834799323.3757,15239.936345387878,1.0,18628.551566172002,wet
45_36.jpg,0.9710969092830214,1.1257067478007583,1802.0287919535851,273584.1220320586,1.809264705882353,922838765990.6992,15927.80273548919,922838765990.6992,15443.923683369349,1.0,18040.78577515986,wet
45_37.jpg,0.971754354412868,1.1218981486077275,1693.4257963496611,274337.8273399391,1.8112178308823528,507470435773.69214,18220.14766057612,507470435773.69214,17663.86718568699,1.0,20631.324209341212,wet
45_38.jpg,0.9704233779215934,1.1286742123910505,1686.596490833261,272859.20931942656,1.807639399509804,652533967124.5688,18232.37934627081,652533967124.5688,17653.755142388145,1.0,20766.83306584769,wet
45_39.jpg,0.9722539105081534,1.1200909728028872,1794.9680584218042,274860.1095813606,1.8122426470588233,1039604410484.0902,18482.61556761099,1039604410484.0902,17933.03234750696,1.0,20879.812141976454,wet
45_4.jpg,0.9696896120755258,1.131977122548641,1813.5247189272402,272035.5061868549,1.8057061887254904,1374287892458.9932,17723.705664539513,1374287892458.9932,17146.666115981,1.0,20250.59738213347,wet
45_40.jpg,0.973173723013902,1.115302398991839,1703.420301705378,275903.89984881115,1.8148008578431374,464048978371.76654,16390.428021299424,464048978371.76654,15917.602506294583,1.0,18429.76584134874,wet
45_5.jpg,0.9725968467790826,1.1179646540693624,1731.2588621026623,275252.28360026877,1.8132322303921569,996834482500.8188,15794.034460239076,996834482500.8188,15335.938549157354,1.0,17767.85180369612,wet
45_6.jpg,0.970375456977805,1.128595110457895,1659.61003263874,272781.4641599676,1.8074325980392156,2161456729411.9968,16726.52326455492,2161456729411.9968,16190.607632361562,1.0,19070.4723145573,wet
45_7.jpg,0.9687164895715007,1.1372862613212789,1803.6721316860971,270967.6572182428,1.8031969975490196,1274244790138.0056,15885.446483157923,1274244790138.0056,15339.557352280492,1.0,18370.424785227777,wet
45_8.jpg,0.9696939998413912,1.1320935323051413,1721.7068938751027,272032.9147689905,1.805698529411765,1145336504313.5952,17039.068990212494,1145336504313.5952,16471.793866129956,1.0,19568.53276874486,wet
45_9.jpg,0.9708106565144037,1.1263014584526512,1868.1661066549389,273281.1517886517,1.8086902573529413,1143282649731.0679,14155.305060445477,1143282649731.0679,13724.893201142584,1.0,16022.796763308841,wet
50_1.jpg,0.9773494258800166,1.0961716073663146,1720.6119996636712,280571.54737556167,1.8253860294117645,335684988253.1585,13302.948934730273,335684988253.1585,12977.840189218365,1.0,14688.421352043835,wet
50_10.jpg,0.9726196101808492,1.1177577639650953,1748.1273958223028,275288.35637397354,1.813376225490196,802576995122.0015,15898.510685241305,802576995122.0015,15428.444958211505,1.0,17925.500286067752,wet
50_11.jpg,0.9711192832283402,1.125318004009314,1706.8888417948453,273601.4467369934,1.8093060661764706,1413933191604.8909,15238.091444055,1413933191604.8909,14757.544100745032,1.0,17340.730736349913,wet
50_12.jpg,0.9714775044544784,1.1232658270448088,1630.10644781074,274001.45830718044,1.8102726715686273,1819273859903.4236,15802.529884136935,1819273859903.4236,15300.252867768053,1.0,17991.14371220546,wet
50_13.jpg,0.9685584714260569,1.1373005911932408,1894.940611215141,270813.0934940333,1.8028707107843138,1674106642909.8298,15633.441398787558,1674106642909.8298,15098.97950044141,1.0,17980.901777072268,wet
50_14.jpg,0.9732886361074845,1.1148835428747934,1719.9430241318018,275998.4964283883,1.8148529411764707,1764152117630.047,13226.384455514486,1764152117630.047,12847.830638967676,1.0,14861.302970979126,wet
50_15.jpg,0.9705816953224464,1.1274550776547216,1694.9788622540436,273028.4221571751,1.8080821078431373,1550334790617.994,15824.04914869736,1550334790617.994,15322.780222570585,1.0,18008.49957352502,wet
50_16.jpg,0.9720242307973925,1.1207274499865285,1732.2923889388733,274589.37491551193,1.811590073529412,2299818390658.851,13856.879424116087,2299818390658.851,13444.020959373429,1.0,15648.991045648498,wet
50_17.jpg,0.970904398686866,1.125827327511851,1678.6424097324925,273366.093256893,1.8088066789215687,2235757395310.0884,15497.939118801021,2235757395310.0884,15015.55113628443,1.0,17591.718742706984,wet
50_18.jpg,0.9705711322728678,1.1281172035850484,1718.8395056631214,272979.0651182201,1.8077588848039214,1584795957988.8152,14160.71256347666,1584795957988.8152,13706.044088827923,1.0,16166.471577190563,wet
50_19.jpg,0.971747338196178,1.1217736883728666,1679.984181760849,274325.32456866995,1.8111810661764705,1158619558641.5088,16311.141124092395,1158619558641.5088,15815.376248439974,1.0,18458.145605079444,wet
50_2.jpg,0.974006468270122,1.1113887484068417,1827.8723108506465,276825.61969186267,1.8168857230392155,758837515447.7189,14495.808408440673,758837515447.7189,14095.075557137701,1.0,16217.15988454844,wet
50_20.jpg,0.9696422890600792,1.1321920455035432,1833.3791312070698,271986.5666229675,1.805591299019608,1552573799789.9573,16807.271477901617,1552573799789.9573,16247.806184690206,1.0,19259.321283500853,wet
50_21.jpg,0.9744314219470909,1.1096735478710489,1797.9004914401607,277303.6652911882,1.8179825367647058,101115953249.89484,19027.221589393263,101115953249.89484,18484.17617621077,1.0,21374.024953772692,wet
50_22.jpg,0.9765728205988663,1.099783978362706,1688.2175121841376,279675.42277224065,1.8232536764705882,1159400369954.9373,13009.716945265269,1159400369954.9373,12678.785402897767,1.0,14425.234518061377,wet
50_23.jpg,0.9748414260009681,1.1079086027625764,1665.0695396107112,277719.1375807797,1.8187285539215687,1111688674705.6558,14843.08647605101,1111688674705.6558,14428.292563930096,1.0,16632.665344992944,wet
50_24.jpg,0.9751779764134512,1.1061350717145844,1659.1046591897734,278094.4283392836,1.8196170343137255,1700726855284.1326,14504.664508552287,1700726855284.1326,14120.117882370861,1.0,16155.447837299515,wet
50_25.jpg,0.9728162427466881,1.1172935062687364,1743.3358637368378,275454.89524567313,1.8134911151960784,1816119091104.192,13354.654829678759,1816119091104.192,12960.766622216757,1.0,15061.01978004358,wet
50_26.jpg,0.9735508048925675,1.1133699149933887,1819.0028566989329,276314.9734074996,1.8157123161764708,919582397164.4073,15526.944720042295,919582397164.4073,15082.15434647276,1.0,17441.379489652907,wet
50_27.jpg,0.9735635339694169,1.1151304692612807,1650.0882328904827,276253.82145681785,1.815127144607843,2051081546695.112,15040.581129410708,2051081546695.112,14605.676631937153,1.0,17012.47085436515,wet
50_28.jpg,0.973308543492274,1.1145932768782767,1825.3173782238243,276024.326881845,1.8149417892156863,1646106167336.6335,14973.993578850508,1646106167336.6335,14538.527391248977,1.0,16865.429124832095,wet
50_29.jpg,0.9720968722410536,1.1204647922715414,1717.1135518566443,274694.9033598937,1.8119148284313726,1411665220873.9749,15665.664578829525,1411665220873.9749,15187.371448841253,1.0,17741.872654035862,wet
50_3.jpg,0.9720133250687379,1.120969367235608,1750.5490819399843,274561.43861443317,1.8114154411764707,2384778431062.627,13125.843990854462,2384778431062.627,12745.05422460243,1.0,14772.487724610719,wet
50_30.jpg,0.9732553831872072,1.1151973591518605,1730.105852259976,275960.4346479712,1.8147334558823527,1510967464757.5295,14212.249835095197,1510967464757.5295,13808.984618216258,1.0,15951.737440647723,wet
50_31.jpg,0.9718915544152783,1.1218476524521312,1802.883457084021,274458.8494878568,1.811282169117647,1107810170138.047,14131.23669184054,1107810170138.047,13699.391259887992,1.0,16015.582435472146,wet
50_32.jpg,0.9713739506896618,1.1242287774498694,1696.3681266110452,273838.6784970029,1.809658394607843,2530597399593.531,14166.276902203143,2530597399593.531,13729.718130182255,1.0,16080.990681101994,wet
50_33.jpg,0.9734295000375337,1.1137952936052236,1649.1984118155788,276171.65088282275,1.8153645833333334,1459757660939.6855,14630.124724409725,1459757660939.6855,14202.452483852094,1.0,16474.529584154996,wet
50_34.jpg,0.9721212475279364,1.1203131557040464,1825.9777514781345,274668.72408797825,1.8116636029411763,2570494329808.994,11826.501245033347,2570494329808.994,11480.68471182743,1.0,13318.788659710659,wet
50_35.jpg,0.9709930309629629,1.1256454874311566,1807.177896800318,273481.25513625157,1.8091191789215686,1346135262738.0708,15843.287402073107,1346135262738.0708,15346.916083457272,1.0,18001.281504310533,wet
50_36.jpg,0.9733731133333449,1.1145223077030153,1779.5176854380547,276084.1879078772,1.8149908088235294,2354786041762.4897,14938.855999127747,2354786041762.4897,14502.102312901736,1.0,16832.251580392352,wet
50_37.jpg,0.9709682255792884,1.125523553956072,1746.7301152775099,273444.3336101407,1.8090226715686273,1905009214358.772,14920.151366324379,1905009214358.772,14463.119022680195,1.0,16903.229733504973,wet
50_38.jpg,0.972294228202721,1.1195294048616946,1813.3746796071962,274910.8772103036,1.8124172794117646,1344113731144.7783,16208.244765152178,1344113731144.7783,15728.474709252961,1.0,18286.942413868266,wet
50_39.jpg,0.9736877847727362,1.1132228146480911,1764.6375418703174,276427.2231486846,1.8157536764705884,1704364787778.1846,14954.121972868035,1704364787778.1846,14529.604913790356,1.0,16785.981939348414,wet
50_4.jpg,0.9718388668231233,1.1213345764184648,1695.9624235136046,274378.57021513284,1.8111060049019607,2376691606370.522,14867.694007977114,2376691606370.522,14415.881084131144,1.0,16820.313119780112,wet
50_40.jpg,0.9713537580797192,1.124132137472184,1821.6273243578457,273862.0887616271,1.8099111519607842,1862166226288.591,15379.003112297802,1862166226288.591,14895.394009559546,1.0,17484.463859733532,wet
50_5.jpg,0.9726045942268127,1.11785432867206,1719.3568973386427,275250.07320112706,1.8131801470588234,1664352067073.9065,13568.769169782989,1664352067073.9065,13173.43620817616,1.0,15280.578517822845,wet
50_6.jpg,0.9725940594452087,1.1181311336482547,1604.0242122020218,275221.23098565824,1.8130560661764705,1985516431304.3823,16656.21108019103,1985516431304.3823,16160.305352665695,1.0,18809.523907301827,wet
50_7.jpg,0.9726290204374508,1.1175683531037637,1685.8634234587737,275246.4929165074,1.8130683210784313,2872459672065.3105,13031.429478505586,2872459672065.3105,12667.066385060396,1.0,14598.466467305676,wet
50_8.jpg,0.9719143146279655,1.121236954752807,1702.6822460387175,274499.63637712866,1.8115226715686275,921785578191.1138,15351.786929828717,921785578191.1138,14887.426933119372,1.0,17361.49651471482,wet
50_9.jpg,0.9714180861835319,1.1240003511598604,1688.1172585175455,273912.10198436084,1.809952512254902,2750681494917.479,15817.517430027718,2750681494917.479,15332.541034345444,1.0,17944.901859414145,wet
