Image,LBP_R_1_P_8_energy,LBP_R_1_P_8_entropy,LBP_R_2_P_16_energy,LBP_R_2_P_16_entropy,LBP_R_3_P_24_energy,LBP_R_3_P_24_entropy,Label
10_1.jpg,6.4331971305046025,-1.776777913303067,14.352612235925234,-2.6014762770577535,22.601452380181406,-3.074086777512257,dry
10_10.jpg,6.468077873400407,-1.783071871574071,14.357601903311114,-2.6026635980839052,22.550330678653022,-3.071889778999602,dry
10_11.jpg,6.435276458554418,-1.7778497026145117,14.302250136476138,-2.598063042759576,22.515336555218944,-3.069837203274795,dry
10_12.jpg,6.443921845836466,-1.7794892075267075,14.232568612466537,-2.592082502888873,22.377594451357787,-3.062164728348615,dry
10_13.jpg,6.479941664046454,-1.7852509618700496,14.365177689354981,-2.6035131069560022,22.567631678161305,-3.0728927956635816,dry
10_14.jpg,6.540815620207872,-1.795544647435758,14.465930280715282,-2.612300143517566,22.67866910932205,-3.0796346445780967,dry
10_15.jpg,6.44627457819244,-1.7800138274931085,14.279271269898505,-2.5963458930934538,22.44171126226964,-3.0659111726269956,dry
10_16.jpg,6.435037053891749,-1.778034344840598,14.280990275660795,-2.59655350664607,22.473574351363588,-3.0678045651290464,dry
10_17.jpg,6.452689608168944,-1.7806345159965333,14.340108811150394,-2.6012589155417745,22.54107048697991,-3.0714832183237375,dry
10_18.jpg,6.479143880417766,-1.78515131851238,14.350301995399876,-2.6019949195163057,22.577589831532762,-3.0734200392427597,dry
10_19.jpg,6.5194901332806445,-1.7917500206591124,14.440219985679052,-2.609897332818833,22.66744869711597,-3.0789585385128264,dry
10_2.jpg,6.452371834922171,-1.7805660909704124,14.2737913175536,-2.5954878701852735,22.477221463732782,-3.0675439212236952,dry
10_20.jpg,6.449718455550592,-1.7804290947600665,14.349962303232736,-2.6021372297202374,22.581905224747448,-3.073855761014526,dry
10_21.jpg,6.481063957132177,-1.784874311830804,14.38349380678146,-2.6045186386420927,22.61845937484853,-3.075520533223075,dry
10_22.jpg,6.439918378923696,-1.778569139687184,14.299086515041878,-2.5976528334278814,22.525749805811035,-3.0704948143331183,dry
10_23.jpg,6.481845485129537,-1.7856588816637233,14.383416299479956,-2.604928505210741,22.594933177564847,-3.0745892705375377,dry
10_24.jpg,6.445006966084926,-1.7793399094694475,14.284056120448042,-2.596395414345367,22.483184358364166,-3.068112194426599,dry
10_25.jpg,6.485956513520652,-1.7859726332982864,14.431698659588005,-2.609204831249985,22.64884992354824,-3.0778713898087275,dry
10_26.jpg,6.507281811488122,-1.789470476368444,14.445211918356517,-2.610313035474154,22.676994019294714,-3.07935907521514,dry
10_27.jpg,6.498292343773256,-1.7879935042804158,14.427797042855323,-2.6087875900637494,22.655055520345144,-3.07820010899593,dry
10_28.jpg,6.522089625655297,-1.791797576865939,14.458915676751127,-2.611257360857423,22.723220823677952,-3.081847867582309,dry
10_29.jpg,6.515858130504024,-1.7910834376830211,14.437902518045638,-2.6098362605731964,22.65951979231962,-3.078618285031416,dry
10_3.jpg,6.473143805247669,-1.7845564534497702,14.380064416304313,-2.6048562553739525,22.604826819576175,-3.0752119326249905,dry
10_30.jpg,6.500310287862968,-1.7887246334239022,14.39599600778406,-2.6063189704949425,22.603103854603486,-3.075228872256371,dry
10_31.jpg,6.489687254229347,-1.7868063824530687,14.38444646704447,-2.6050982831507077,22.5979663201188,-3.0748176306788078,dry
10_32.jpg,6.502878932469386,-1.78906692975853,14.378651987284297,-2.6046064687356587,22.593800024024006,-3.0745086248867985,dry
10_33.jpg,6.4910145036230595,-1.7868701034352796,14.415680198871673,-2.607295541663727,22.630061363335162,-3.0763939761526466,dry
10_34.jpg,6.518429359798333,-1.7913377070447294,14.44915369703845,-2.610465951157088,22.687205062975792,-3.0797354446605234,dry
10_35.jpg,6.48217608605887,-1.7853734089723818,14.36297848550357,-2.602899080651816,22.569069249314396,-3.0728688077125637,dry
10_36.jpg,6.465086204008336,-1.783027359865103,14.33692587095939,-2.600996387399072,22.56324246278367,-3.072592899588201,dry
10_37.jpg,6.494607541610582,-1.7874679107426683,14.386195843437152,-2.6049342723858113,22.624970898848407,-3.076162953659612,dry
10_38.jpg,6.498283713440688,-1.7882008059895667,14.37837495447741,-2.604796214154125,22.597236627912782,-3.0747360250266325,dry
10_39.jpg,6.483592970049221,-1.786032461010977,14.368962581886821,-2.6039900237145424,22.569152402479254,-3.073180816709277,dry
10_4.jpg,6.466321455521086,-1.7830312296732005,14.335137251689922,-2.6008116142309325,22.52971712835961,-3.0707749960969415,dry
10_40.jpg,6.488883007593141,-1.786305138770285,14.389590785623232,-2.6052813416025686,22.621167947478117,-3.0759796945867004,dry
10_5.jpg,6.41676183836044,-1.774614143205393,14.20811548143421,-2.5896570592872195,22.36325326796411,-3.061033963324011,dry
10_6.jpg,6.454014970622167,-1.7810723480462483,14.26770639457837,-2.595177096845919,22.446477594003234,-3.0660829190900687,dry
10_7.jpg,6.435222742849151,-1.777913053095411,14.267557973560608,-2.595096213596094,22.45684138838125,-3.0664180844273985,dry
10_8.jpg,6.491513499958204,-1.7870222039532633,14.380677570704263,-2.604748492224477,22.582426054598976,-3.0740036846475687,dry
10_9.jpg,6.456898908568488,-1.7815740490500462,14.314379809217467,-2.5991697803659743,22.499042003285737,-3.0690522018096202,dry
14_1.jpg,6.1171725185442485,-1.7273126228786644,13.74264435655313,-2.5504582680286743,21.92646856028807,-3.0357435823394634,dry
14_10.jpg,6.153659825416353,-1.733298232688201,13.850837277279243,-2.560004547229073,22.017876808195552,-3.0413320111450215,dry
14_11.jpg,6.235856551464977,-1.7460443166770807,13.968674159389153,-2.5697340547709873,22.152082372705138,-3.048777311865825,dry
14_12.jpg,6.223274957542504,-1.7437500380539308,13.950446367432411,-2.5683759178814474,22.161937954945632,-3.0494128947607404,dry
14_13.jpg,6.166973955241641,-1.735138348127659,13.825354813328756,-2.5576241489471756,21.979113369708575,-3.038710266383319,dry
14_14.jpg,6.132009067864048,-1.7300540229325638,13.759905325123919,-2.552240311505881,21.892138859317743,-3.033761326960531,dry
14_15.jpg,6.172289080136885,-1.7361660443048121,13.86021729178747,-2.560949248732675,22.027146051838223,-3.0420762992656294,dry
14_16.jpg,6.224526428353193,-1.744049121184344,13.989048297408347,-2.5715765954113703,22.198771687944934,-3.0514908115305905,dry
14_17.jpg,6.200210279815527,-1.7401464617263498,13.907540040905152,-2.5645232912823306,22.076072425483673,-3.0442664593312,dry
14_18.jpg,6.2406982962533615,-1.7471611755576435,13.935941089558955,-2.567147002978699,22.09654484886127,-3.0455799783799646,dry
14_19.jpg,6.221116216451915,-1.7438325856433599,13.9516554431008,-2.5686269782736795,22.142863906810963,-3.048514126760849,dry
14_2.jpg,6.134182616984212,-1.7300463833785726,13.769643051524785,-2.5526399027645015,21.950040809712267,-3.0370244990229156,dry
14_20.jpg,6.162335517881501,-1.7341380647728872,13.847320115086276,-2.5593292644160637,22.022162764078924,-3.0412047704949536,dry
14_21.jpg,6.197952083282129,-1.739766689287148,13.901085575560908,-2.5636960921990863,22.048014446563293,-3.0424162435487947,dry
14_22.jpg,6.2013946458970866,-1.7405417538795303,13.90582501327798,-2.56439693693719,22.117404767662276,-3.046890291149938,dry
14_23.jpg,6.234724887926889,-1.7456238278932883,13.96463849878414,-2.569507876614741,22.125955507024194,-3.0476254698399945,dry
14_24.jpg,6.242798135808232,-1.747215528251253,13.998823704662547,-2.5722687900672367,22.158448215515172,-3.0494642962579483,dry
14_25.jpg,6.275791950894164,-1.7528302608090944,14.024488518809854,-2.5750248626233003,22.204248697281688,-3.0524884764929627,dry
14_26.jpg,6.219500005447157,-1.7437031358650537,13.96106457638701,-2.569308996246592,22.136092462831133,-3.0479683429958158,dry
14_27.jpg,6.153341623354278,-1.7326992760594035,13.805309443965262,-2.555698349402216,21.955665460586925,-3.0374114384172732,dry
14_28.jpg,6.20165692967485,-1.7403343149842199,13.890818494303502,-2.563323438458878,22.040116661382285,-3.0425553931729548,dry
14_29.jpg,6.2616358920613315,-1.750612380385397,13.976470388602811,-2.5707197193306586,22.12547732798715,-3.0476916350040373,dry
14_3.jpg,6.176511377131079,-1.73683384376368,13.873504274024887,-2.5619148723051413,21.999818051643746,-3.0402043322654624,dry
14_30.jpg,6.28556895407607,-1.7545815039398216,14.061718587907665,-2.5778698415120522,22.26054138279854,-3.0554351510120585,dry
14_31.jpg,6.275455930653845,-1.7527825020895915,14.051819930538292,-2.576944788465478,22.269643628488076,-3.0557458198035086,dry
14_32.jpg,6.210497684814823,-1.7423435559945575,13.860927447006294,-2.5608497465255877,21.951171461443128,-3.037511893212645,dry
14_33.jpg,6.223897955278831,-1.7442010746916838,13.951256785135799,-2.5686285193041205,22.11851625570845,-3.047122506419542,dry
14_34.jpg,6.245906744700136,-1.7477253748412223,13.997856066209168,-2.572664043771229,22.153776583856697,-3.049486793972785,dry
14_35.jpg,6.256491577703856,-1.7493247891240482,14.015983766505993,-2.574126045661714,22.14589540790361,-3.0488844143945695,dry
14_36.jpg,6.188945632180935,-1.7391682108554511,13.884074561026559,-2.562635846755217,22.05176078889952,-3.043185375714483,dry
14_37.jpg,6.24935004060543,-1.7478341822119587,13.992382076899789,-2.571867402754378,22.17471192192969,-3.0503798454444433,dry
14_38.jpg,6.2177789664870415,-1.7427517172834552,13.971368734595009,-2.569976481690084,22.19102060187492,-3.051097850446366,dry
14_39.jpg,6.191438584904953,-1.7392461153566423,13.880510261692226,-2.562439516301152,22.059560649361845,-3.0436294272983404,dry
14_4.jpg,6.157988110152675,-1.733502131130813,13.819242927132823,-2.557147331852485,21.969261672180178,-3.0383734663461297,dry
14_40.jpg,6.261006334088053,-1.7504810132112916,14.079931755813394,-2.579271801220222,22.340503256184135,-3.0599569100616595,dry
14_5.jpg,6.224529387430995,-1.7448067312476687,13.914749109579143,-2.565375795038179,22.083580103688586,-3.04493386021759,dry
14_6.jpg,6.04858905856803,-1.716164787614308,13.57622792545978,-2.5365135217830206,21.684707295953466,-3.0215904933247346,dry
14_7.jpg,6.181675928026394,-1.7379465964437217,13.85795653689843,-2.5604987535156356,22.028409033229053,-3.04172956536527,dry
14_8.jpg,6.257845400978863,-1.7498673352108522,14.000219178082192,-2.572759274871481,22.20330478304436,-3.0522518532693255,dry
14_9.jpg,6.132677813334136,-1.7302328407230065,13.715647330850059,-2.548658293607625,21.808855265364073,-3.0292132294206104,dry
1_1.jpg,6.496425952956346,-1.787409467562764,14.447860755916988,-2.610156532154919,22.682652838872777,-3.0795706693543368,dry
1_10.jpg,6.458431106917935,-1.7812864289842432,14.353543665347603,-2.602450268748558,22.556866052176208,-3.07237796013754,dry
1_11.jpg,6.538051916269603,-1.794197408716476,14.499895879086745,-2.614816625193357,22.723872472481187,-3.0819685182732344,dry
1_12.jpg,6.548060381672864,-1.7960359669700736,14.53708658475058,-2.6183452180131597,22.814442413483953,-3.087666774831344,dry
1_13.jpg,6.498166837208991,-1.7879308795228166,14.460461111921786,-2.6115397714840625,22.69445403211332,-3.080413942077317,dry
1_14.jpg,6.516881122181647,-1.7915425761032155,14.418041646727223,-2.6080935337632254,22.601255058573614,-3.0751204293828076,dry
1_15.jpg,6.541726972182018,-1.7949878089740927,14.534084095017315,-2.617976921631256,22.73554415244026,-3.083130847625963,dry
1_16.jpg,6.470213966232825,-1.7833044135975682,14.391156300865621,-2.6057085562576288,22.589439684195074,-3.074230481475825,dry
1_17.jpg,6.560567544857954,-1.798363811780085,14.537696207635156,-2.617933408519299,22.778671995281016,-3.085262258990647,dry
1_18.jpg,6.495918803704347,-1.7877921859910835,14.425670439733867,-2.608792504907418,22.620161151663464,-3.0762774672259074,dry
1_19.jpg,6.529310038131337,-1.7929299014095155,14.491277347832861,-2.614073386240968,22.736866615276902,-3.0829123266971457,dry
1_2.jpg,6.532484991369286,-1.7936029801546889,14.4921980023596,-2.6140357832665275,22.71430347241184,-3.0813905067203886,dry
1_20.jpg,6.503486918286704,-1.788940722465092,14.38183209512147,-2.604812292433473,22.568861999765165,-3.0730991011523776,dry
1_21.jpg,6.520506273850441,-1.791102426139539,14.441710602195512,-2.609403116305132,22.667201482274326,-3.0783984464372227,dry
1_22.jpg,6.51708444701293,-1.7909499924155445,14.438232391543346,-2.6093270247258027,22.66261946697723,-3.078396312924468,dry
1_23.jpg,6.457154392764858,-1.7808853392450492,14.342050608494029,-2.601043471459004,22.557935064411698,-3.071937899123545,dry
1_24.jpg,6.496797043218116,-1.787478947224353,14.406546245837696,-2.6065080820669357,22.638024843079755,-3.0768581867282574,dry
1_25.jpg,6.513038659538527,-1.7900948208131897,14.45497868767779,-2.6108672200675236,22.687351324537044,-3.079906524676061,dry
1_26.jpg,6.480100740776569,-1.7845472490894903,14.374296606034976,-2.603818741155346,22.59944220941301,-3.0745116905794716,dry
1_27.jpg,6.517263629542316,-1.7908300209883379,14.468407347912079,-2.6119841522650993,22.69904707037606,-3.0805007994316744,dry
1_28.jpg,6.476238987709242,-1.7841606066651252,14.389452154034199,-2.6054279714684836,22.60748337159108,-3.0752849058144114,dry
1_29.jpg,6.524973128102984,-1.7920344798740677,14.467845878528907,-2.6119275894792193,22.717029365101002,-3.081555745077514,dry
1_3.jpg,6.520250859720513,-1.791167826205265,14.495877764209514,-2.614310758721073,22.75213922020343,-3.083594664861071,dry
1_30.jpg,6.51427323821413,-1.790319530723594,14.47082370933377,-2.6122427855695514,22.701426667695202,-3.0807804275776505,dry
1_31.jpg,6.504996337271549,-1.7885557637627816,14.44784303207878,-2.6100383512928444,22.68204487914633,-3.079350992817636,dry
1_32.jpg,6.487206321037278,-1.7858092590383936,14.393493381145392,-2.605363330314291,22.60729243726323,-3.0749507902778883,dry
1_33.jpg,6.521579857460297,-1.7915076381671997,14.457084979633208,-2.6110885736226157,22.68852158888819,-3.079743420457992,dry
1_34.jpg,6.497073483318989,-1.7873766519389906,14.436625726159582,-2.609121196777682,22.712680518826254,-3.080991258314032,dry
1_35.jpg,6.523345851963574,-1.791789864950823,14.434898604617356,-2.6091988676082654,22.668374224667012,-3.0789645994512345,dry
1_36.jpg,6.516192453356507,-1.7903281416620878,14.457756535867379,-2.6110542688328158,22.70257848498153,-3.0807071822363197,dry
1_37.jpg,6.517489172158662,-1.790855325083732,14.447362053089288,-2.610126387529116,22.670529005566337,-3.0786442630640147,dry
1_38.jpg,6.538743273737198,-1.7945664664913314,14.470281256513811,-2.6122423437846503,22.695484024513597,-3.0803852773849743,dry
1_39.jpg,6.478018878517366,-1.7842411377003102,14.361624297449072,-2.60315192359065,22.573901451392242,-3.0735166176139983,dry
1_4.jpg,6.495498643468062,-1.7876793037145715,14.410758245040284,-2.6072053904534833,22.646582350710776,-3.0776639281048817,dry
1_40.jpg,6.5001902546732975,-1.7880142743255742,14.411584696635028,-2.607329142323041,22.623107550019594,-3.076212230112179,dry
1_5.jpg,6.478716021675255,-1.7845654893893363,14.36881583025138,-2.603564104749792,22.591336060929198,-3.074116291285129,dry
1_6.jpg,6.540504980557183,-1.7950510638372086,14.479483495373886,-2.613266184498269,22.661433913790404,-3.0786541135316354,dry
1_7.jpg,6.476074437173988,-1.7840149051513128,14.37674995705266,-2.6041438763744678,22.60316530542718,-3.0746571080417007,dry
1_8.jpg,6.489038361878532,-1.7862289586134859,14.394036838719721,-2.6056228053076254,22.61430794153889,-3.0756601194708013,dry
1_9.jpg,6.539221563682051,-1.7946218705171848,14.473329522987466,-2.612853716924554,22.666482612167627,-3.078955423268564,dry
19_1.jpg,6.063916507984221,-1.7180728167533441,13.669355280748352,-2.543739098957694,21.816033974614307,-3.0287008258237744,medium
19_10.jpg,6.128896261731013,-1.7286732465574415,13.72714183619082,-2.54919571181456,21.81681048109959,-3.02905396436642,medium
19_11.jpg,6.165360967733977,-1.7342481373090999,13.78268719905749,-2.5538377803639287,21.861026443601745,-3.03191901802089,medium
19_12.jpg,6.120570554264104,-1.7273253854763833,13.708952166500547,-2.5474038622026756,21.81382317304824,-3.028984552661578,medium
19_13.jpg,6.156427698448835,-1.7330965936619775,13.7826066915211,-2.553746471097279,21.889066646176296,-3.0332556374950745,medium
19_14.jpg,6.139958641669373,-1.7312807274313524,13.75591432470141,-2.552243025644263,21.831637189614455,-3.030651877256795,medium
19_15.jpg,6.164406766838174,-1.73360427985133,13.746561731140496,-2.5506921697647282,21.833267209812607,-3.030362699048695,medium
19_16.jpg,6.160156962323832,-1.7335002521360052,13.81641012275503,-2.5569562150653913,21.92233261182003,-3.0357110943206793,medium
19_17.jpg,6.139629950432191,-1.7301507775519311,13.779999871119745,-2.553176096541841,21.88294388796377,-3.032752259288127,medium
19_18.jpg,6.156669708681287,-1.7324738090185017,13.786175470849482,-2.5537869283537376,21.885695128836396,-3.032778194077824,medium
19_19.jpg,6.165219490152274,-1.7343895447142708,13.819557976947902,-2.556930434827087,21.910722506360575,-3.0345597264766084,medium
19_2.jpg,6.025310708931353,-1.711700271339594,13.551309314128957,-2.533944709960272,21.634001268221223,-3.0183779776378152,medium
19_20.jpg,6.154867454173698,-1.7324046883770836,13.77024288198385,-2.5529735152130253,21.868195036432734,-3.032456303743984,medium
19_21.jpg,6.060543495765424,-1.7182765610118629,13.680815251741196,-2.5452675247273815,21.841881021592084,-3.030809373697303,medium
19_22.jpg,6.184579477699949,-1.7371930429172164,13.83118859742203,-2.5577957826971036,21.96354408298331,-3.0377813160192364,medium
19_23.jpg,6.0806070248710045,-1.7205485470003035,13.625973868691338,-2.5402859193045897,21.72357524994872,-3.023678303642465,medium
19_24.jpg,6.079096579031402,-1.720352584209404,13.627679355108734,-2.5406642586111188,21.697570340432733,-3.0223143839848605,medium
19_25.jpg,6.101890641356257,-1.7240348697502978,13.684578931969352,-2.5452190330636713,21.78835562106753,-3.027429876714516,medium
19_26.jpg,6.113254022542047,-1.7261943669761577,13.692740907627142,-2.546289117093646,21.7635480388629,-3.02638666749649,medium
19_27.jpg,6.151086794541545,-1.7318516872944654,13.808244363270706,-2.55602893278804,21.950917878342825,-3.0370661980172993,medium
19_28.jpg,6.1774929251033495,-1.736237948980439,13.843712654280802,-2.558977400494355,21.968425314722566,-3.0381660358799203,medium
19_29.jpg,6.165093525788213,-1.7354631564095229,13.748212528214347,-2.551339739270438,21.82288811368878,-3.030064528348721,medium
19_3.jpg,6.169131615724538,-1.734595751414937,13.823624108285689,-2.5571768292048405,21.935964448540787,-3.036043096773815,medium
19_30.jpg,6.1534735257379705,-1.7325762407493865,13.77246749340507,-2.5530395363552447,21.84068448305028,-3.0307275251338646,medium
19_31.jpg,6.180117260829722,-1.7369815749066386,13.818989319761148,-2.557235609365116,21.91277053755414,-3.035237693242383,medium
19_32.jpg,6.147041203030661,-1.7309982520029532,13.764463808577956,-2.5523257454786146,21.84397400020751,-3.0311217436007,medium
19_33.jpg,6.205313752034021,-1.7407143103819387,13.90297311612944,-2.56424032369141,22.051215184155822,-3.0429081517169965,medium
19_34.jpg,6.167937748714074,-1.7357299474250818,13.818107136294833,-2.5571267393071446,21.90211309147053,-3.0345898815711028,medium
19_35.jpg,6.113161001000892,-1.7265781158828077,13.737457169375922,-2.550244597614665,21.870228252718324,-3.0324223927969554,medium
19_36.jpg,6.161730372832797,-1.734364499185988,13.780965075571284,-2.554033859244719,21.851036468676423,-3.0318507010509035,medium
19_37.jpg,6.2045134431940285,-1.7419361363702612,13.880071837675608,-2.5622779779269123,22.01848544364788,-3.0411388106660886,medium
19_38.jpg,6.218439979482031,-1.7431373349036403,13.878092925604413,-2.5620422943133954,22.000031076179184,-3.0399567966584393,medium
19_39.jpg,6.192575719988272,-1.7389100287537929,13.856954290203559,-2.5601888246805298,22.001579064172915,-3.0400844183299514,medium
19_4.jpg,6.133833307455229,-1.7291592812220935,13.73889735561159,-2.5500132718119426,21.838414863012137,-3.030491167439835,medium
19_40.jpg,6.147732967692176,-1.7318775672208626,13.75903375936801,-2.552379054904149,21.836033262873364,-3.0309336752066898,medium
19_5.jpg,6.105919187145558,-1.7250662971282607,13.689553067570586,-2.5458923034179057,21.766969669760805,-3.0263101867178053,medium
19_6.jpg,6.084714469907507,-1.720929122929189,13.612986725649968,-2.5392478242978567,21.673345857286854,-3.0208082605106954,medium
19_7.jpg,6.04727989329749,-1.71572961000376,13.574208876269012,-2.536121905268026,21.641989707756952,-3.019032822291814,medium
19_8.jpg,6.114164466860213,-1.7266010435715322,13.713750892782006,-2.547995519674909,21.793251958020107,-3.0278359816664673,medium
19_9.jpg,6.073455104365368,-1.7207066560516313,13.594611305585195,-2.5382115962109357,21.61859293540962,-3.017909184809348,medium
25_1.jpg,5.931393285859329,-1.6961111539020814,13.29001161171123,-2.5114546061533614,21.282465939081295,-2.9976789421105097,medium
25_10.jpg,6.032717670785715,-1.7124800004603642,13.470233331358367,-2.526875088723838,21.476423979006757,-3.0091687260584785,medium
25_11.jpg,5.946749579649542,-1.6994795948125074,13.30460355782534,-2.513218603007298,21.263011803383748,-2.997067925835665,medium
25_12.jpg,5.9962581319282915,-1.7067224036414201,13.3817532126831,-2.5195802421140847,21.334589841483567,-3.001101392472184,medium
25_13.jpg,5.909729425051808,-1.6932475966062552,13.203858090893272,-2.504450129394916,21.162442866074585,-2.9909015292330348,medium
25_14.jpg,5.968494321565928,-1.7024167420016825,13.326165204302585,-2.514715839452766,21.281056468723758,-2.9977966557636413,medium
25_15.jpg,5.979291340059128,-1.7045475463848958,13.35140635491183,-2.5170701195333893,21.302641695609623,-2.999537819776328,medium
25_16.jpg,5.962384271357275,-1.7013036177407834,13.292130003162677,-2.511745621008882,21.22821849644112,-2.9949223798010953,medium
25_17.jpg,6.049561815974456,-1.715484105093604,13.535499012042836,-2.532537080358159,21.552175709270465,-3.0135842780159936,medium
25_18.jpg,6.034367459496726,-1.7139955073449242,13.453505242963786,-2.525825311043882,21.41444836396831,-3.0060089595294968,medium
25_19.jpg,6.001492075774153,-1.7081497932597092,13.408302787437949,-2.5220309290580514,21.347156266037402,-3.0018066835717505,medium
25_2.jpg,5.991810844221718,-1.7066778235931561,13.349027610097137,-2.516574153209419,21.29340847116747,-2.998687870478291,medium
25_20.jpg,5.990291667478478,-1.705848415069596,13.373214099834398,-2.5187837125243724,21.33159614566089,-3.0005394364704645,medium
25_21.jpg,6.146951943603578,-1.731334526909294,13.773072057379052,-2.5527387457645863,21.89888410539197,-3.0336733629420665,medium
25_22.jpg,6.10827670560783,-1.7251343233519718,13.689825486184876,-2.5459181523981904,21.77673997593948,-3.0268649797459046,medium
25_23.jpg,5.990093232401612,-1.7061523224163415,13.396284474817538,-2.52069167753051,21.391573144546026,-3.0042415766134956,medium
25_24.jpg,6.031607003430898,-1.7130255800875294,13.499420836281189,-2.5298162935571282,21.47036863818226,-3.0092301012305254,medium
25_25.jpg,5.976858760076359,-1.7042364195209057,13.37651133499277,-2.5195403949775854,21.355167655052654,-3.0023981781867843,medium
25_26.jpg,6.0666440795159895,-1.7180659241653975,13.583737269482821,-2.5368009097672357,21.643823061985614,-3.0191166351882925,medium
25_27.jpg,5.990023606134671,-1.7056479355147411,13.401956994473524,-2.5211194782166113,21.395655857518378,-3.004372182267855,medium
25_28.jpg,6.008639305859721,-1.7091039453356571,13.418653820167872,-2.522380216940038,21.391503437796363,-3.0040184191187618,medium
25_29.jpg,6.089595275988344,-1.7219045558432253,13.583110421587339,-2.5367204180078833,21.598607975417124,-3.016506320456967,medium
25_3.jpg,5.930274367597113,-1.696632478476529,13.214974490851398,-2.505292122508885,21.14578863687304,-2.9898690966324724,medium
25_30.jpg,5.999749713213057,-1.7073466804611974,13.430070668313876,-2.52364576164991,21.458846576900253,-3.0080942189769186,medium
25_31.jpg,6.096471079268731,-1.7225694694120899,13.602158912171316,-2.5380369285929567,21.640232297944934,-3.018723291893184,medium
25_32.jpg,6.111770353910984,-1.7253499345692742,13.67257922656228,-2.5444376477106765,21.72636087731653,-3.0239933903356313,medium
25_33.jpg,6.063067052375868,-1.7174814036392878,13.561079163822578,-2.5347669165683024,21.606308162115955,-3.01676182541857,medium
25_34.jpg,6.027941452833499,-1.7119906175296655,13.485104092505809,-2.5286536976338514,21.499887450363516,-3.010917345995783,medium
25_35.jpg,6.09043505320438,-1.7225558315049347,13.627598802057406,-2.5405623705748908,21.662823794830285,-3.020249969011525,medium
25_36.jpg,6.099795755800011,-1.723589069163635,13.62801543111109,-2.540481385623784,21.688776128003795,-3.021652772426583,medium
25_37.jpg,6.068446338195121,-1.7186114025504902,13.553074037455742,-2.5341599239618513,21.575340281013588,-3.015195673908297,medium
25_38.jpg,6.069482956149235,-1.7183772958031382,13.558145843037558,-2.5343061734859686,21.592908315951753,-3.015889139913507,medium
25_39.jpg,6.137625669389561,-1.7297285783730785,13.666225809564578,-2.543769024406945,21.698373761860868,-3.0221791430019738,medium
25_4.jpg,6.006139630233286,-1.7083642877638954,13.409001075600228,-2.5215977370639338,21.36599619899591,-3.0025012812514156,medium
25_40.jpg,6.133897170287155,-1.7290979013884016,13.68747222777195,-2.545841745499737,21.74594056259019,-3.025121786755169,medium
25_5.jpg,5.988041250289123,-1.7060540669425843,13.299635982543363,-2.5128065417038976,21.202206539398667,-2.9935881554454333,medium
25_6.jpg,5.961046298048558,-1.70153335816634,13.269247689161658,-2.5100636081799315,21.18000368180823,-2.992238347315429,medium
25_7.jpg,5.948868680066452,-1.6995631734040044,13.281968356637813,-2.5109760683058138,21.22294709016087,-2.9944158776762877,medium
25_8.jpg,5.994120310065463,-1.7068411842674196,13.404552002558763,-2.5212178181422393,21.38138805505306,-3.00341140190938,medium
25_9.jpg,6.008256631626778,-1.7092070921208335,13.407981468222637,-2.521620249234829,21.36528377247777,-3.0028770578861557,medium
29_1.jpg,6.241196757472905,-1.7459616163304863,13.825558977211527,-2.5568541477114555,21.887945501873943,-3.0326054349149514,medium
29_10.jpg,6.282069639143116,-1.753184495993831,13.919877952858414,-2.565194287256408,22.021705439766997,-3.0408503785583676,medium
29_11.jpg,6.285832738641384,-1.7534731766041343,13.929673340192364,-2.5659346426956033,21.99834189296989,-3.0395663474068044,medium
29_12.jpg,6.275132728906314,-1.7515080510276333,13.929436930402067,-2.5657662772162193,22.03243022596977,-3.041164750287474,medium
29_13.jpg,6.287290814441829,-1.7531319351511654,13.913697119733165,-2.5645029454319164,22.018892778236488,-3.0404074363269498,medium
29_14.jpg,6.297499593725628,-1.7552339965602002,13.944354905245433,-2.5674740879592655,21.999211724701393,-3.039814530894716,medium
29_15.jpg,6.322264465378292,-1.7590249399262832,14.033364168385273,-2.57443802675866,22.176091186531313,-3.0496070243582882,medium
29_16.jpg,6.278230744671219,-1.7518952921167994,13.886080511500557,-2.5619528453819544,21.965361179260313,-3.0373272972350174,medium
29_17.jpg,6.265255061980446,-1.7499650103821804,13.872881827833213,-2.560874659627821,21.94718295372031,-3.0363197034216616,medium
29_18.jpg,6.262812778824568,-1.749200013743271,13.900544542005184,-2.5631777923501726,21.984477839810065,-3.038375864033385,medium
29_19.jpg,6.2407535901767215,-1.745873715834144,13.87035887296095,-2.5608072617971622,21.981595938945016,-3.038213224479826,medium
29_2.jpg,6.246613543096326,-1.7468502271276865,13.830706519002273,-2.5571242057134356,21.868988337686304,-3.0316547271438954,medium
29_20.jpg,6.294389819919222,-1.7547220841465827,13.944511395337999,-2.5671493636949405,22.034458066811755,-3.041453531775337,medium
29_21.jpg,6.262403095475738,-1.7489152566261092,13.889800484803281,-2.5620621935715606,21.995513234171305,-3.0385580662512988,medium
29_22.jpg,6.268393109715683,-1.7499921397075227,13.878297949566486,-2.560967661938848,21.983854796670865,-3.0380673920079375,medium
29_23.jpg,6.282720870137064,-1.752349318266009,13.95758120339176,-2.5680110827946696,22.102489441804284,-3.045149793539377,medium
29_24.jpg,6.247889580212354,-1.7468744100961333,13.899423148775368,-2.5630209480662147,22.003601226991595,-3.0393158664450666,medium
29_25.jpg,6.283070929712075,-1.7527932754146416,13.984942128906008,-2.570427096270999,22.10857020150389,-3.0456840586302487,medium
29_26.jpg,6.316701860818619,-1.7581694382771902,13.952687348088471,-2.5676813060775276,22.06689722132935,-3.043335504259407,medium
29_27.jpg,6.275643904110942,-1.7515795171577424,13.94650940636072,-2.5672840177769185,22.07196665377344,-3.0434931116553647,medium
29_28.jpg,6.235490603137864,-1.7445883960689952,13.860254823408209,-2.5594904911912004,21.954475053813145,-3.0362979914638433,medium
29_29.jpg,6.2841399235421,-1.7527022853166128,13.894249977585869,-2.5626316567808485,21.961618323347615,-3.036925436390907,medium
29_3.jpg,6.256570322401099,-1.7484116622485046,13.848583364964398,-2.5588098060955713,21.90731526980346,-3.034089497707178,medium
29_30.jpg,6.279254774688216,-1.7517542565622453,13.927727907688862,-2.565550341285546,22.040471403715728,-3.041753499648143,medium
29_31.jpg,6.248029382719759,-1.7469687823047106,13.896113733987152,-2.562959119871556,22.010621630632958,-3.040210013365517,medium
29_32.jpg,6.225085801296857,-1.743249344732845,13.786389338717596,-2.5531494227581826,21.875816491401693,-3.0315151100536526,medium
29_33.jpg,6.335789851295831,-1.7615587687740544,14.029052805418576,-2.5744054940733068,22.158381020276487,-3.0487159641960737,medium
29_34.jpg,6.265024918377892,-1.7497446846665243,13.886993926202448,-2.5619877876562343,21.966272236860654,-3.037168114805563,medium
29_35.jpg,6.231612363512494,-1.7443344156968719,13.827851183853621,-2.556741942113237,21.89478963600121,-3.0328352514016355,medium
29_36.jpg,6.257145157834254,-1.7485680828242456,13.899395653491803,-2.56311278640344,21.969322815018426,-3.037636730263916,medium
29_37.jpg,6.242686357964549,-1.7459753956728914,13.8699517854388,-2.560183641316432,21.971611534142408,-3.0373314757329197,medium
29_38.jpg,6.321104693214347,-1.758668325728181,14.024408082942765,-2.57324479193514,22.145848793573556,-3.0473665822215343,medium
29_39.jpg,6.254935375006571,-1.7481627530206656,13.831035116637118,-2.5572394009705652,21.89480851139824,-3.033018405282892,medium
29_4.jpg,6.277622927046469,-1.7520513813796752,13.938736288838584,-2.5666686142719914,22.020160089187492,-3.040518162247307,medium
29_40.jpg,6.282752278976826,-1.7529150616015963,13.87975524750766,-2.5615360611953077,21.926645470953822,-3.0351481426169524,medium
29_5.jpg,6.234103483901378,-1.7444103975333247,13.822389639971643,-2.5562692891741525,21.920472075486856,-3.034243622596066,medium
29_6.jpg,6.280282601734581,-1.7519816729494737,13.860905127284761,-2.559743523582236,21.89992735282177,-3.0335785323426263,medium
29_7.jpg,6.245530646072989,-1.7469758543282219,13.861119442329986,-2.56007501564301,21.890876199675215,-3.0332030025684116,medium
29_8.jpg,6.2578242040998795,-1.7484678564163205,13.85070683141878,-2.5590913122412684,21.90708280301581,-3.034057492906922,medium
29_9.jpg,6.242628775392884,-1.7464267473754604,13.809334280556573,-2.555505599325494,21.867961502341313,-3.0316504408467067,medium
31_1.jpg,6.239464791430096,-1.7453268548043583,13.823546130781748,-2.556303750412659,21.853394358690345,-3.0304065065717127,medium
31_10.jpg,6.2778666514117285,-1.7519806038242507,13.889971477916994,-2.562414557976736,21.932689050963038,-3.035406135220011,medium
31_11.jpg,6.24527658618938,-1.7459465221062194,13.757761732741345,-2.550833600493024,21.75636666069306,-3.024956365747178,medium
31_12.jpg,6.273463212528538,-1.7509743467688499,13.84014349413897,-2.5579814479822947,21.86109013054209,-3.031285442656821,medium
31_13.jpg,6.271473757279196,-1.750210916838072,13.87378121273328,-2.560719086570635,21.936666562950055,-3.035340053001015,medium
31_14.jpg,6.262488110959813,-1.748768082901497,13.827684069448303,-2.5566454482752574,21.868683879145948,-3.03143405015821,medium
31_15.jpg,6.261774286731127,-1.7497741480064146,13.79866011249757,-2.554770696766819,21.831014020050223,-3.029647136820321,medium
31_16.jpg,6.243298214157396,-1.745744344420106,13.764618654252503,-2.551340881443423,21.75171601441933,-3.0245810640990127,medium
31_17.jpg,6.216522988604197,-1.741797319904741,13.707819309075257,-2.5470330940912134,21.676217576654928,-3.0203967150187987,medium
31_18.jpg,6.282197259018397,-1.752358361103089,13.858279483528653,-2.5594108245750706,21.87379100202228,-3.031764855608611,medium
31_19.jpg,6.239820427653485,-1.745716624397127,13.770064015419084,-2.551984208171934,21.785775751952993,-3.026916706407822,medium
31_2.jpg,6.2872130077882655,-1.7529287507280287,13.896612028759819,-2.56264696325276,21.918307562935183,-3.0344103994635088,medium
31_20.jpg,6.290654633809596,-1.7539820586178352,13.902833687813315,-2.563499935506677,21.926339922191946,-3.0352878288874896,medium
31_21.jpg,6.242226718127064,-1.7459544357153203,13.81214234719095,-2.55554785220106,21.832990419124673,-3.0295055644540416,medium
31_22.jpg,6.247623152742957,-1.7472992717351312,13.819075676042829,-2.55632666705391,21.852854920149486,-3.03073466729078,medium
31_23.jpg,6.196957537495765,-1.7386318183485412,13.683872080099261,-2.5445476232734383,21.664268279186732,-3.019771119938134,medium
31_24.jpg,6.229593719217133,-1.7439627694406143,13.750779371868568,-2.5502299568637565,21.777712491922507,-3.0261813840578067,medium
31_25.jpg,6.257303524613445,-1.7486540773292565,13.76802682106505,-2.5519667236823906,21.76147511871327,-3.025847278108621,medium
31_26.jpg,6.26252698731264,-1.7494124607379808,13.80272750298292,-2.5546668862792328,21.808749790934627,-3.027975332619243,medium
31_27.jpg,6.243642423911262,-1.7463834460597358,13.762511811678996,-2.5514211054868516,21.758041577475698,-3.0251528163468615,medium
31_28.jpg,6.258106647143911,-1.7487584962151324,13.85654798691494,-2.559214314537628,21.899233178929865,-3.0331983318768843,medium
31_29.jpg,6.270150754729476,-1.750342004821307,13.867959735227178,-2.560453781818852,21.928378146537263,-3.035171847003039,medium
31_3.jpg,6.263269510215131,-1.749387955682268,13.822675401927642,-2.5562729599326235,21.854456616895863,-3.0306498636451935,medium
31_30.jpg,6.281018336623335,-1.752426217814327,13.887937056888788,-2.562203485063869,21.925392688559697,-3.0351389909876993,medium
31_31.jpg,6.300157018055379,-1.7555689580567664,13.930823766570482,-2.5656438227179468,21.994275126642535,-3.038949241347796,medium
31_32.jpg,6.2442215941564845,-1.7462076774621094,13.778418762077132,-2.55258657595446,21.80707943910835,-3.0279977709285424,medium
31_33.jpg,6.27120914357698,-1.7507261358168718,13.83533592752348,-2.557628538542967,21.845484083950787,-3.030475127602855,medium
31_34.jpg,6.264474778029915,-1.750152330660075,13.846659619611094,-2.5587465619733436,21.89342608939294,-3.0332068668635848,medium
31_35.jpg,6.2738031655140105,-1.7506274110373374,13.860304784579014,-2.559595169080387,21.896535292668077,-3.033079189811296,medium
31_36.jpg,6.2707515702601055,-1.750637004918644,13.83863519057632,-2.557907107924722,21.882089504530086,-3.032637997833856,medium
31_37.jpg,6.257840901331512,-1.748501436692117,13.847231572975922,-2.5584878227307137,21.888706755145062,-3.032676073905288,medium
31_38.jpg,6.2005513439007585,-1.7387488534176583,13.689878896067954,-2.5447310608808302,21.710044923271667,-3.0218758219549517,medium
31_39.jpg,6.269335728773636,-1.7504622641386591,13.829909340430842,-2.557330431342987,21.841932672878468,-3.030423053102221,medium
31_4.jpg,6.236021512733841,-1.7448485435707364,13.758309448383367,-2.5509118510746243,21.763920493334854,-3.0255167705444976,medium
31_40.jpg,6.2721811721485485,-1.7509377901124488,13.836758365453958,-2.557659097551569,21.877665425523716,-3.0320927329141143,medium
31_5.jpg,6.246314684755657,-1.7468106265331786,13.801506834584243,-2.554616844447333,21.823296205188097,-3.0287966282932235,medium
31_6.jpg,6.288722049054449,-1.7537935713058947,13.84043920276962,-2.558023658379306,21.841289722634258,-3.0300601373403975,medium
31_7.jpg,6.258811191916569,-1.7484140040304623,13.820595785081881,-2.556262821630804,21.874060349686644,-3.0319613472787976,medium
31_8.jpg,6.256876824292854,-1.748128166485719,13.764692073171664,-2.5515512191746343,21.755104065855274,-3.025059837704286,medium
31_9.jpg,6.232720522580305,-1.744301919024876,13.801930533154907,-2.5545827321724643,21.817999420359545,-3.028443706217213,medium
40_1.jpg,6.021393285641472,-1.7107176697070738,13.458219047681776,-2.52577240951799,21.465383976563068,-3.0083313322898797,wet
40_10.jpg,5.95304855257212,-1.6998993218945466,13.340154033873313,-2.5157447200572527,21.28939666740909,-2.9982108346375416,wet
40_11.jpg,6.000315235915461,-1.707106993401896,13.417770676496628,-2.5222170438950475,21.416126242146447,-3.005243806853901,wet
40_12.jpg,6.028856506822045,-1.7122328509796259,13.451424747955269,-2.5252433212868164,21.439783203688386,-3.0070362716625594,wet
40_13.jpg,6.016578995504659,-1.7104507350857119,13.394138641730109,-2.5207183022751023,21.3185241023119,-3.0002766445373807,wet
40_14.jpg,5.970730225928826,-1.7032758761644087,13.336310406178319,-2.5159077830615995,21.27991449950399,-2.99828466927394,wet
40_15.jpg,6.0046084487763896,-1.707865615931441,13.42265727990992,-2.5229549504148943,21.384153089103002,-3.004091160335952,wet
40_16.jpg,6.083829007190867,-1.7208498104702594,13.649055951721806,-2.5422455547661214,21.72070992235107,-3.0234600627036294,wet
40_17.jpg,6.075835330265399,-1.7187594995668758,13.621993319385343,-2.539425429380792,21.695016653076994,-3.0218572439390514,wet
40_18.jpg,6.027420194645854,-1.7123652453694564,13.441962569765495,-2.5248296305924653,21.3991021242845,-3.0047300538091903,wet
40_19.jpg,6.031508101786014,-1.7123079946387703,13.460484953824812,-2.526193275487123,21.46464480423104,-3.008680848779242,wet
40_2.jpg,5.947312652823043,-1.6987671648261415,13.339956565447858,-2.5159456812394394,21.32615409716712,-3.0005856580609294,wet
40_20.jpg,6.043656468506007,-1.713977534837088,13.54689576197006,-2.533157296378848,21.604639713125373,-3.016417839135435,wet
40_21.jpg,6.099551857255279,-1.7235610799571552,13.704730854130634,-2.547016633631899,21.821013471838743,-3.029351126141033,wet
40_22.jpg,6.080660434825948,-1.7199381901507143,13.6132108955622,-2.5391379983347133,21.66803276138018,-3.0204526474096016,wet
40_23.jpg,6.025886265029423,-1.7112528430649223,13.500222258761715,-2.5296755732804765,21.52987557410574,-3.0123311056036393,wet
40_24.jpg,6.026091997244768,-1.7111643439031279,13.443443042712275,-2.524616443962466,21.423103253477198,-3.0060621732291435,wet
40_25.jpg,5.976872568702853,-1.7034947036380799,13.355485907478053,-2.5171802271701833,21.32022440671196,-3.000150469456223,wet
40_26.jpg,6.025348338320339,-1.7111037703704475,13.450073076030435,-2.5253977334031683,21.40066300217752,-3.0049992533746845,wet
40_27.jpg,5.9504322883309735,-1.699097079322336,13.288402622908011,-2.511350901446123,21.24796347886364,-2.9959115179623437,wet
40_28.jpg,6.011513460871403,-1.708864307094908,13.400043907848874,-2.5210225602484537,21.35782201265942,-3.002397758555563,wet
40_29.jpg,5.988949776266732,-1.7053610354542441,13.374621716832936,-2.518976228982296,21.33197252375338,-3.000891949612926,wet
40_3.jpg,6.036442589027445,-1.7131466282623498,13.463204103978898,-2.5264992243881075,21.410644731217367,-3.0054011482594696,wet
40_30.jpg,5.984523026167533,-1.705418370047467,13.362537444400738,-2.5181504282657694,21.334512808167556,-3.001086010235404,wet
40_31.jpg,6.090354546893369,-1.7216715192161096,13.626681747493974,-2.539873369535521,21.709026383758236,-3.022433067733368,wet
40_32.jpg,6.023572739928894,-1.7112142970548458,13.474759091163843,-2.527340070589823,21.469992186755597,-3.0087156990215305,wet
40_33.jpg,6.0504391763280845,-1.7154748686579435,13.560543136062295,-2.534850385868768,21.613346981768483,-3.017341756913133,wet
40_34.jpg,6.049728260869565,-1.7152110229045654,13.491504836526559,-2.528967942872454,21.4755822809938,-3.0092445606277436,wet
40_35.jpg,5.957039112746198,-1.7000860713532557,13.33780822195144,-2.515455246720806,21.29634794207905,-2.9988814178339416,wet
40_36.jpg,5.949854585637213,-1.698934209541705,13.300537280145978,-2.5122646833239775,21.272399477736805,-2.9971065485915127,wet
40_37.jpg,6.016510052820197,-1.7094107735184656,13.49833373121869,-2.529402998755903,21.531497723553304,-3.012543404938631,wet
40_38.jpg,6.044826715712792,-1.7143484035463874,13.488451140667241,-2.528574516514202,21.472179656116616,-3.009112505190491,wet
40_39.jpg,5.970776505224655,-1.7025878823814142,13.336898698412488,-2.5157090077477413,21.316113666260225,-3.00010447274637,wet
40_4.jpg,6.032132014372041,-1.7125970662696526,13.48999353654729,-2.528894494942097,21.508576426129068,-3.011252150600334,wet
40_40.jpg,6.051264770633958,-1.7159328727909364,13.492214738844563,-2.5290373314463546,21.47233936553691,-3.0092586226473848,wet
40_5.jpg,5.9827098878808895,-1.7043863724878519,13.388011508276653,-2.5198948663065157,21.39877335562387,-3.004361324740443,wet
40_6.jpg,5.923438109384495,-1.6953890176056672,13.254024253124623,-2.5085484143376973,21.2257383574089,-2.9945690900794912,wet
40_7.jpg,6.024502195034585,-1.7111823478605557,13.475094193340547,-2.5276439786220224,21.49361414299038,-3.010522343228009,wet
40_8.jpg,5.993797822753523,-1.706903319492613,13.367258257083297,-2.518695574850539,21.273122406014807,-2.9975927262236843,wet
40_9.jpg,5.980762317345327,-1.7037127517980382,13.400667404591537,-2.5211220399638794,21.379227048515205,-3.003634596541644,wet
48_1.jpg,6.217161011850946,-1.7414352595062776,13.801789518950722,-2.555082996223337,21.855865543151708,-3.0311218270215115,wet
48_10.jpg,6.309146014241144,-1.7571238983662776,13.979253432239052,-2.5704764890022416,22.04157599577496,-3.0423955318881384,wet
48_11.jpg,6.249609041626715,-1.7471341294639404,13.831392298558514,-2.5578964915132274,21.870639672044188,-3.032114326451892,wet
48_12.jpg,6.246170865175636,-1.7463928442540175,13.836584709126509,-2.558026201994723,21.884382551737414,-3.032947051229845,wet
48_13.jpg,6.2866458777757845,-1.7531888385177998,13.921561895211589,-2.5654795041671137,21.987414628005244,-3.03902684899562,wet
48_14.jpg,6.230028726075034,-1.7439634784236064,13.77427736853998,-2.5531925961046333,21.82525017153902,-3.029802676343091,wet
48_15.jpg,6.290425668076392,-1.754148877557499,13.909423238190834,-2.564528002664795,21.95465651806085,-3.037344581136006,wet
48_16.jpg,6.297897263247569,-1.7547820843838848,13.952502133527188,-2.568282717017583,22.038670201399132,-3.042129798755105,wet
48_17.jpg,6.287195369168447,-1.7535023848169535,13.903144287841704,-2.5638159050770852,21.946494280017472,-3.0367496821218727,wet
48_18.jpg,6.2757728995494215,-1.752207411715716,13.862566045550288,-2.5606449105427203,21.913840931039697,-3.0349252910625606,wet
48_19.jpg,6.25275088870659,-1.7477302003964341,13.876271724550698,-2.5618989387544935,21.947964378662135,-3.0368034385401965,wet
48_2.jpg,6.254237844558905,-1.7480017495467048,13.853048884645002,-2.55978058614473,21.90743712065552,-3.034689651104425,wet
48_20.jpg,6.376497950866805,-1.7681797245573245,14.099346296884205,-2.5808264479021847,22.201684630497116,-3.0516162098506787,wet
48_21.jpg,6.307143300525306,-1.7562125574984127,14.01688577539384,-2.573249000785812,22.156746730822604,-3.0484723699740623,wet
48_22.jpg,6.244522935251483,-1.7459614181834917,13.818103292604938,-2.5563710460017663,21.87023328439932,-3.031851134973405,wet
48_23.jpg,6.300569836491481,-1.7556685123159923,13.943905668571878,-2.5676729221934838,22.034638433320296,-3.0420643920827266,wet
48_24.jpg,6.248481446749673,-1.746997968913616,13.869894282582258,-2.5610190352079614,21.954480774203915,-3.0371944139221534,wet
48_25.jpg,6.242960815554641,-1.7460985616119362,13.834693125824703,-2.5583450393431324,21.88916600274376,-3.0334995868500347,wet
48_26.jpg,6.2352293080128645,-1.7447587514099996,13.80797004162684,-2.5558709079646196,21.85008680772099,-3.030964628124164,wet
48_27.jpg,6.237305743538613,-1.745185728487169,13.841234412415988,-2.55885592665341,21.893967593159463,-3.033846717860385,wet
48_28.jpg,6.264596641791555,-1.7496397904084653,13.914458582339103,-2.5650029977848816,21.999983398350313,-3.0399414576431227,wet
48_29.jpg,6.269657040401887,-1.7505068189873954,13.891879830680267,-2.5632038534428143,21.943582227256634,-3.036770461361692,wet
48_3.jpg,6.285005193086537,-1.7527086023598866,13.89850985644921,-2.5634982069635175,21.985930350508195,-3.0388229440904344,wet
48_30.jpg,6.269765853391984,-1.750531426417048,13.919126362523594,-2.5654036470460233,21.971862324295312,-3.038359526190251,wet
48_31.jpg,6.2875068462130805,-1.7532179662942393,13.90392307895495,-2.5640312477492464,21.96938336941497,-3.037780753429699,wet
48_32.jpg,6.211690544412607,-1.7410142249978657,13.793946921869422,-2.5547057849572514,21.850758580818653,-3.0311204026510827,wet
48_33.jpg,6.255592701924103,-1.7480559341762014,13.878263394492762,-2.561561635708482,21.962718303690593,-3.037322810973086,wet
48_34.jpg,6.274645574003137,-1.7512912225803607,13.911363756242448,-2.564796204445534,21.985639526528495,-3.0392303058937324,wet
48_35.jpg,6.2736917100039795,-1.750991115007229,13.873813764126966,-2.5613522299050606,21.93203811501242,-3.035693220743765,wet
48_36.jpg,6.230610152896968,-1.7437201762763541,13.788736667642326,-2.554095333116715,21.82005759213268,-3.0290832478693814,wet
48_37.jpg,6.262757617591953,-1.7490675564042004,13.8450683053666,-2.558872085220936,21.876298144831754,-3.032493168751976,wet
48_38.jpg,6.257489917779311,-1.7489170901093598,13.866492388277997,-2.560873461959515,21.916326317784133,-3.034866848522564,wet
48_39.jpg,6.2780665646294045,-1.7517540108513556,13.924053533765573,-2.5659976249309966,21.997775427713016,-3.03997198009216,wet
48_4.jpg,6.239170283025009,-1.745382360954134,13.82596668243464,-2.5573961204105844,21.881094332134552,-3.0328152221175912,wet
48_40.jpg,6.28082295581985,-1.752487219366415,13.898751111964389,-2.5638380877244233,21.9629459396098,-3.037791641507714,wet
48_5.jpg,6.266786717587962,-1.7498409744256844,13.877994855798173,-2.5616708583821146,21.94818458612925,-3.036681426535636,wet
48_6.jpg,6.216041995153878,-1.741842999395017,13.732800119948433,-2.549293169126127,21.75551081720419,-3.025282980540988,wet
48_7.jpg,6.238570802862672,-1.7451481791618788,13.779507463849962,-2.5534194041568155,21.780785403536015,-3.027048677515181,wet
48_8.jpg,6.303998227101482,-1.7558464140574397,13.977743815188294,-2.5703260586858585,22.050285446184986,-3.042735085658082,wet
48_9.jpg,6.302665594555381,-1.7559338642401725,13.975977495125353,-2.5701345538423754,22.09470860365772,-3.0452818260844547,wet
49_1.jpg,6.189529951935204,-1.7368394029894938,13.76433577770171,-2.551236862561631,21.8274111362293,-3.028832034266737,wet
49_10.jpg,6.169873616746556,-1.7342239226422027,13.657482330047635,-2.5424442961606357,21.712969891883542,-3.022269005045022,wet
49_11.jpg,6.166544153646497,-1.7334901870033472,13.683538965176911,-2.5445180081174863,21.714817029746534,-3.0223134208657987,wet
49_12.jpg,6.209460903898647,-1.7406676844217075,13.735568453564863,-2.5489873698505177,21.78232829592197,-3.0262721498579306,wet
49_13.jpg,6.206238161505386,-1.7402475673589297,13.701646724226995,-2.546369752489111,21.702075042947534,-3.021833233522129,wet
49_14.jpg,6.22214481764129,-1.7427309530758468,13.747299714777194,-2.5501973118316896,21.804134658787746,-3.0279484553973477,wet
49_15.jpg,6.2059182700694935,-1.7400844511761075,13.721292794341569,-2.5481419625876356,21.73648126044402,-3.0241308989945934,wet
49_16.jpg,6.181232855784199,-1.7359677962669224,13.703588182852224,-2.546220759633155,21.73966954005474,-3.0236988355756615,wet
49_17.jpg,6.218329667729898,-1.7417628662235383,13.767353201541614,-2.551839227369278,21.81020438475788,-3.0280568484018886,wet
49_18.jpg,6.152778792990024,-1.7313825392009663,13.550527852374753,-2.533251475330639,21.511362061088096,-3.0105004441325267,wet
49_19.jpg,6.162966213009261,-1.7326871393558718,13.618699386533487,-2.5387872806361567,21.637928394982396,-3.017638604474985,wet
49_2.jpg,6.161544538470296,-1.7325339275768896,13.643299474686005,-2.541150489532003,21.65311652197632,-3.0188436230086264,wet
49_20.jpg,6.1417472157253705,-1.7294699028062959,13.580059399644842,-2.5356040612964383,21.55413335729466,-3.0129944218169435,wet
49_21.jpg,6.17264462940856,-1.7345333571597719,13.64945339764216,-2.5415544975605178,21.694118214611052,-3.0210634972706543,wet
49_22.jpg,6.179350606485683,-1.736104257138183,13.671391985305675,-2.543714029009708,21.717356247069535,-3.022933470533675,wet
49_23.jpg,6.087825707215294,-1.7211027010194642,13.462502869762002,-2.5259742419446503,21.419555254645072,-3.005134673158717,wet
49_24.jpg,6.144164544737362,-1.7297785281961828,13.601798493794,-2.53756462759798,21.606300178053445,-3.0159630715602517,wet
49_25.jpg,6.18679481476687,-1.7369129232586489,13.66781970963422,-2.5434580192160894,21.639269507950765,-3.018189701124313,wet
49_26.jpg,6.191882160122416,-1.7380026135666764,13.669717619220137,-2.543839067827285,21.695920094917497,-3.021476653567996,wet
49_27.jpg,6.142084450110683,-1.729955569223374,13.606247171953573,-2.5384742372642166,21.61047828257576,-3.017052699165396,wet
49_28.jpg,6.216396211386951,-1.7422743317444276,13.735661693306781,-2.5493601800333683,21.767466126535425,-3.025600130653863,wet
49_29.jpg,6.157748406719244,-1.7324338631054328,13.653028899592442,-2.5421886483242946,21.68824462829562,-3.020989826742831,wet
49_3.jpg,6.19429836471884,-1.737762264660688,13.711007785273932,-2.5468177417375655,21.741562176377418,-3.0237941995627096,wet
49_30.jpg,6.171426368500329,-1.7347767868290227,13.6325736952873,-2.54064985023374,21.629184588369593,-3.017767070569038,wet
49_31.jpg,6.173595271903375,-1.7349856178560188,13.601318342601962,-2.537779794591436,21.566316274822892,-3.0138231970378677,wet
49_32.jpg,6.196350747181491,-1.738757844258481,13.675015155046362,-2.5443938422831387,21.649685700575365,-3.0190232874623937,wet
49_33.jpg,6.180527209946275,-1.7358518928706066,13.682284178976506,-2.544941446705154,21.681334807174622,-3.0209584141640704,wet
49_34.jpg,6.143804388867069,-1.7301237057940655,13.580811525614633,-2.535937471503433,21.609331394414326,-3.0162414069258423,wet
49_35.jpg,6.141361220380661,-1.729813913385032,13.601253503039755,-2.5380778859394604,21.570642524188525,-3.0143653007130506,wet
49_36.jpg,6.159076595293122,-1.7329724273370883,13.636929269137983,-2.541013184690217,21.65502423280955,-3.0191987185950158,wet
49_37.jpg,6.1716140548290666,-1.734618516721292,13.652176248830596,-2.5422812926134304,21.690824698010506,-3.021158623640632,wet
49_38.jpg,6.129825541440995,-1.7279776149587707,13.572653944789645,-2.5353959113267326,21.55762649702671,-3.013318285559637,wet
49_39.jpg,6.189659548738535,-1.737572246577967,13.726650975309585,-2.548798831671392,21.775128048634546,-3.0263100428065703,wet
49_4.jpg,6.158813253881695,-1.7320554136853248,13.616099049150703,-2.5385862116856086,21.629954349080464,-3.017370429768859,wet
49_40.jpg,6.126974436129736,-1.727184786965945,13.504179480916944,-2.5294582790766524,21.456027831882647,-3.007322378672396,wet
49_5.jpg,6.185526207957115,-1.736639922075105,13.693917977875149,-2.54557322366603,21.751801071243083,-3.024610646511067,wet
49_6.jpg,6.178042838899824,-1.7351429064138402,13.664758734042945,-2.542855248907955,21.667137267701197,-3.0195480603956733,wet
49_7.jpg,6.203958298220692,-1.7396818381863466,13.78947904654586,-2.5536915802769182,21.88330481401077,-3.0322903245289194,wet
49_8.jpg,6.210608704842284,-1.7408942480445662,13.747605307083429,-2.5503613346230876,21.820979665935837,-3.028716246516188,wet
49_9.jpg,6.210288926387823,-1.7408382535014701,13.78919732641019,-2.5537351954979712,21.848725533369105,-3.0304191982890045,wet
